2024-09-07 23:50:11,309 - INFO - Starting PDF chunking process.
2024-09-07 23:50:11,310 - INFO - Processing FAQ - Finance for Growth course.docx.pdf
2024-09-07 23:50:12,110 - INFO - Loading model: sentence-transformers/all-mpnet-base-v2
2024-09-07 23:50:12,111 - INFO - Load pretrained SentenceTransformer: sentence-transformers/all-mpnet-base-v2
2024-09-07 23:52:25,087 - INFO - Use pytorch device: cpu
2024-09-07 23:52:25,087 - INFO - Model loaded successfully.
2024-09-07 23:52:25,088 - INFO - Document split into 72 sections.
2024-09-07 23:52:26,391 - INFO - Calculated similarity score: 0.23203134536743164
2024-09-07 23:52:26,497 - INFO - Calculated similarity score: 0.29322898387908936
2024-09-07 23:52:26,600 - INFO - Calculated similarity score: 0.3837001323699951
2024-09-07 23:52:26,718 - INFO - Calculated similarity score: 0.5468646287918091
2024-09-07 23:52:26,828 - INFO - Calculated similarity score: 0.5801687240600586
2024-09-07 23:52:26,953 - INFO - Calculated similarity score: 0.5879186391830444
2024-09-07 23:52:27,082 - INFO - Calculated similarity score: 0.6484944224357605
2024-09-07 23:52:27,198 - INFO - Calculated similarity score: 0.6756750345230103
2024-09-07 23:52:27,301 - INFO - Calculated similarity score: 0.7404553294181824
2024-09-07 23:52:27,440 - INFO - Calculated similarity score: 0.7010531425476074
2024-09-07 23:52:27,612 - INFO - Calculated similarity score: 0.6294513940811157
2024-09-07 23:52:27,731 - INFO - Calculated similarity score: 0.5278921127319336
2024-09-07 23:52:27,845 - INFO - Calculated similarity score: 0.5481650829315186
2024-09-07 23:52:29,010 - INFO - Calculated similarity score: 0.3648762106895447
2024-09-07 23:52:30,145 - INFO - Calculated similarity score: 0.5078722238540649
2024-09-07 23:52:30,334 - INFO - Calculated similarity score: 0.6292324662208557
2024-09-07 23:52:30,572 - INFO - Calculated similarity score: 0.34993401169776917
2024-09-07 23:52:30,798 - INFO - Calculated similarity score: 0.5339593291282654
2024-09-07 23:52:30,989 - INFO - Calculated similarity score: 0.514543890953064
2024-09-07 23:52:31,179 - INFO - Calculated similarity score: 0.4978010952472687
2024-09-07 23:52:31,373 - INFO - Calculated similarity score: 0.7264307737350464
2024-09-07 23:52:31,723 - INFO - Calculated similarity score: 0.43328481912612915
2024-09-07 23:52:32,057 - INFO - Calculated similarity score: 0.3634023070335388
2024-09-07 23:52:32,216 - INFO - Calculated similarity score: 0.519834041595459
2024-09-07 23:52:32,427 - INFO - Calculated similarity score: 0.5010527968406677
2024-09-07 23:52:32,638 - INFO - Calculated similarity score: 0.4741210341453552
2024-09-07 23:52:32,769 - INFO - Calculated similarity score: 0.48997947573661804
2024-09-07 23:52:32,988 - INFO - Calculated similarity score: 0.5417090058326721
2024-09-07 23:52:33,207 - INFO - Calculated similarity score: 0.5344573259353638
2024-09-07 23:52:33,406 - INFO - Calculated similarity score: 0.6215687394142151
2024-09-07 23:52:33,602 - INFO - Calculated similarity score: 0.3830951452255249
2024-09-07 23:52:33,819 - INFO - Calculated similarity score: 0.2533571124076843
2024-09-07 23:52:34,096 - INFO - Calculated similarity score: 0.3879152536392212
2024-09-07 23:52:34,289 - INFO - Calculated similarity score: 0.45366954803466797
2024-09-07 23:52:34,805 - INFO - Calculated similarity score: 0.5073426961898804
2024-09-07 23:52:35,317 - INFO - Calculated similarity score: 0.6531408429145813
2024-09-07 23:52:35,641 - INFO - Calculated similarity score: 0.6270992755889893
2024-09-07 23:52:35,904 - INFO - Calculated similarity score: 0.6919425129890442
2024-09-07 23:52:36,173 - INFO - Calculated similarity score: 0.41947007179260254
2024-09-07 23:52:36,460 - INFO - Calculated similarity score: 0.27835017442703247
2024-09-07 23:52:36,721 - INFO - Calculated similarity score: 0.5661278367042542
2024-09-07 23:52:36,902 - INFO - Calculated similarity score: 0.4632705748081207
2024-09-07 23:52:37,045 - INFO - Calculated similarity score: 0.5080552697181702
2024-09-07 23:52:37,191 - INFO - Calculated similarity score: 0.6351149082183838
2024-09-07 23:52:37,524 - INFO - Calculated similarity score: 0.4387608766555786
2024-09-07 23:52:37,947 - INFO - Calculated similarity score: 0.6497980356216431
2024-09-07 23:52:38,380 - INFO - Calculated similarity score: 0.5337264537811279
2024-09-07 23:52:38,810 - INFO - Calculated similarity score: 0.47150880098342896
2024-09-07 23:52:39,135 - INFO - Calculated similarity score: 0.5762330293655396
2024-09-07 23:52:39,378 - INFO - Calculated similarity score: 0.4436951279640198
2024-09-07 23:52:39,782 - INFO - Calculated similarity score: 0.34908002614974976
2024-09-07 23:52:40,181 - INFO - Calculated similarity score: 0.6342834234237671
2024-09-07 23:52:40,409 - INFO - Calculated similarity score: 0.5127362012863159
2024-09-07 23:52:40,653 - INFO - Calculated similarity score: 0.6367611289024353
2024-09-07 23:52:40,897 - INFO - Calculated similarity score: 0.6734299063682556
2024-09-07 23:52:41,150 - INFO - Calculated similarity score: 0.5776842832565308
2024-09-07 23:52:41,387 - INFO - Calculated similarity score: 0.6232082843780518
2024-09-07 23:52:41,730 - INFO - Calculated similarity score: 0.5708862543106079
2024-09-07 23:52:42,083 - INFO - Calculated similarity score: 0.4253876209259033
2024-09-07 23:52:42,304 - INFO - Calculated similarity score: 0.353473961353302
2024-09-07 23:52:42,531 - INFO - Calculated similarity score: 0.515960693359375
2024-09-07 23:52:42,712 - INFO - Calculated similarity score: 0.34163951873779297
2024-09-07 23:52:42,922 - INFO - Calculated similarity score: 0.6601097583770752
2024-09-07 23:52:43,931 - INFO - Calculated similarity score: 0.3718864321708679
2024-09-07 23:52:44,926 - INFO - Calculated similarity score: 0.5165866613388062
2024-09-07 23:52:45,114 - INFO - Calculated similarity score: 0.6023437976837158
2024-09-07 23:52:45,297 - INFO - Calculated similarity score: 0.579230785369873
2024-09-07 23:52:45,528 - INFO - Calculated similarity score: 0.29929104447364807
2024-09-07 23:52:45,739 - INFO - Calculated similarity score: 0.4998221695423126
2024-09-07 23:52:45,905 - INFO - Calculated similarity score: 0.26240551471710205
2024-09-07 23:52:46,179 - INFO - Calculated similarity score: 0.5781911611557007
2024-09-07 23:52:46,179 - INFO - 69 chunks created.
2024-09-07 23:52:46,259 - INFO - Chunks saved as .txt file at output\FAQ - Finance for Growth course.docx_chunked.txt
2024-09-07 23:52:46,261 - INFO - Chunks saved as .json file at output\FAQ - Finance for Growth course.docx_chunked.json
2024-09-07 23:52:46,263 - INFO - Chunks saved as .csv file at output\FAQ - Finance for Growth course.docx_chunked.csv
2024-09-07 23:52:46,264 - INFO - Chunking and saving completed for FAQ - Finance for Growth course.docx.pdf
2024-09-07 23:52:46,264 - INFO - Processing Finance for Growth coursework.docx.pdf
2024-09-07 23:52:48,866 - INFO - Loading model: sentence-transformers/all-mpnet-base-v2
2024-09-07 23:52:48,866 - INFO - Load pretrained SentenceTransformer: sentence-transformers/all-mpnet-base-v2
2024-09-07 23:52:49,060 - INFO - Use pytorch device: cpu
2024-09-07 23:52:49,060 - INFO - Model loaded successfully.
2024-09-07 23:52:49,060 - INFO - Document split into 16 sections.
2024-09-07 23:52:50,422 - INFO - Calculated similarity score: 0.4369501769542694
2024-09-07 23:52:50,567 - INFO - Calculated similarity score: 0.5615308880805969
2024-09-07 23:52:50,735 - INFO - Calculated similarity score: 0.49044641852378845
2024-09-07 23:52:50,988 - INFO - Calculated similarity score: 0.7535078525543213
2024-09-07 23:52:51,331 - INFO - Calculated similarity score: 0.42239075899124146
2024-09-07 23:52:52,486 - INFO - Calculated similarity score: 0.4459006190299988
2024-09-07 23:52:53,662 - INFO - Calculated similarity score: 0.3152707815170288
2024-09-07 23:52:53,745 - INFO - Calculated similarity score: 0.5477290153503418
2024-09-07 23:52:53,906 - INFO - Calculated similarity score: 0.48081618547439575
2024-09-07 23:52:54,121 - INFO - Calculated similarity score: 0.423129141330719
2024-09-07 23:52:54,232 - INFO - Calculated similarity score: 0.7467559576034546
2024-09-07 23:52:55,320 - INFO - Calculated similarity score: 0.4529077112674713
2024-09-07 23:52:56,391 - INFO - Calculated similarity score: 0.26504796743392944
2024-09-07 23:52:56,517 - INFO - Calculated similarity score: 0.5604002475738525
2024-09-07 23:52:57,669 - INFO - Calculated similarity score: 0.427823007106781
2024-09-07 23:52:57,669 - INFO - 14 chunks created.
2024-09-07 23:52:57,756 - INFO - Chunks saved as .txt file at output\Finance for Growth coursework.docx_chunked.txt
2024-09-07 23:52:57,758 - INFO - Chunks saved as .json file at output\Finance for Growth coursework.docx_chunked.json
2024-09-07 23:52:57,760 - INFO - Chunks saved as .csv file at output\Finance for Growth coursework.docx_chunked.csv
2024-09-07 23:52:57,760 - INFO - Chunking and saving completed for Finance for Growth coursework.docx.pdf
2024-09-07 23:52:57,760 - INFO - Processing Finance for Growth.pdf
2024-09-07 23:52:58,836 - INFO - Loading model: sentence-transformers/all-mpnet-base-v2
2024-09-07 23:52:58,837 - INFO - Load pretrained SentenceTransformer: sentence-transformers/all-mpnet-base-v2
2024-09-07 23:52:58,990 - INFO - Use pytorch device: cpu
2024-09-07 23:52:58,990 - INFO - Model loaded successfully.
2024-09-07 23:52:58,996 - INFO - Document split into 12 sections.
2024-09-07 23:53:00,276 - INFO - Calculated similarity score: 0.7591657638549805
2024-09-07 23:53:01,438 - INFO - Calculated similarity score: 0.5027241706848145
2024-09-07 23:53:01,563 - INFO - Calculated similarity score: 0.5636962652206421
2024-09-07 23:53:01,752 - INFO - Calculated similarity score: 0.4971509277820587
2024-09-07 23:53:01,936 - INFO - Calculated similarity score: 0.7388759851455688
2024-09-07 23:53:02,179 - INFO - Calculated similarity score: 0.7200350165367126
2024-09-07 23:53:02,535 - INFO - Calculated similarity score: 0.5675257444381714
2024-09-07 23:53:03,665 - INFO - Calculated similarity score: 0.5210985541343689
2024-09-07 23:53:04,794 - INFO - Calculated similarity score: 0.24561701714992523
2024-09-07 23:53:04,920 - INFO - Calculated similarity score: 0.5604002475738525
2024-09-07 23:53:06,064 - INFO - Calculated similarity score: 0.4339267611503601
2024-09-07 23:53:06,064 - INFO - 9 chunks created.
2024-09-07 23:53:06,147 - INFO - Chunks saved as .txt file at output\Finance for Growth_chunked.txt
2024-09-07 23:53:06,148 - INFO - Chunks saved as .json file at output\Finance for Growth_chunked.json
2024-09-07 23:53:06,151 - INFO - Chunks saved as .csv file at output\Finance for Growth_chunked.csv
2024-09-07 23:53:06,151 - INFO - Chunking and saving completed for Finance for Growth.pdf
2024-09-07 23:53:06,151 - INFO - PDF chunking process completed.
2024-09-08 00:51:00,560 - INFO - Starting PDF chunking process.
2024-09-08 00:51:00,560 - INFO - Processing FAQ - Finance for Growth course.docx.pdf
2024-09-08 00:51:01,428 - INFO - Loading model: sentence-transformers/all-mpnet-base-v2
2024-09-08 00:51:01,428 - INFO - Load pretrained SentenceTransformer: sentence-transformers/all-mpnet-base-v2
2024-09-08 00:51:04,330 - INFO - Use pytorch device: cpu
2024-09-08 00:51:04,330 - INFO - Model loaded successfully.
2024-09-08 00:51:04,352 - INFO - Document split into 213 sentences.
2024-09-08 00:51:06,064 - INFO - Calculated similarity score: 0.18689501285552979
2024-09-08 00:51:06,176 - INFO - Calculated similarity score: 0.15629643201828003
2024-09-08 00:51:06,296 - INFO - Calculated similarity score: 0.0681963711977005
2024-09-08 00:51:06,407 - INFO - Calculated similarity score: 0.06885064393281937
2024-09-08 00:51:06,529 - INFO - Calculated similarity score: 0.04783327132463455
2024-09-08 00:51:06,639 - INFO - Calculated similarity score: 0.08281558752059937
2024-09-08 00:51:06,768 - INFO - Calculated similarity score: 0.013095243833959103
2024-09-08 00:51:06,884 - INFO - Calculated similarity score: 0.0040723420679569244
2024-09-08 00:51:07,009 - INFO - Calculated similarity score: 0.0820426344871521
2024-09-08 00:51:07,133 - INFO - Calculated similarity score: 0.47525081038475037
2024-09-08 00:51:07,450 - INFO - Calculated similarity score: 0.12757739424705505
2024-09-08 00:51:07,576 - INFO - Calculated similarity score: 0.13192278146743774
2024-09-08 00:51:07,700 - INFO - Calculated similarity score: 0.1165778860449791
2024-09-08 00:51:07,828 - INFO - Calculated similarity score: 0.10591532289981842
2024-09-08 00:51:07,950 - INFO - Calculated similarity score: 0.1339043527841568
2024-09-08 00:51:08,087 - INFO - Calculated similarity score: 0.10761508345603943
2024-09-08 00:51:08,229 - INFO - Calculated similarity score: 0.132943257689476
2024-09-08 00:51:08,374 - INFO - Calculated similarity score: 0.11683846265077591
2024-09-08 00:51:08,490 - INFO - Calculated similarity score: 0.05478899925947189
2024-09-08 00:51:08,609 - INFO - Calculated similarity score: 0.049338579177856445
2024-09-08 00:51:08,732 - INFO - Calculated similarity score: 0.10345757752656937
2024-09-08 00:51:08,856 - INFO - Calculated similarity score: 0.13779893517494202
2024-09-08 00:51:08,971 - INFO - Calculated similarity score: 0.09484492987394333
2024-09-08 00:51:09,092 - INFO - Calculated similarity score: 0.027613896876573563
2024-09-08 00:51:09,230 - INFO - Calculated similarity score: -0.006257254630327225
2024-09-08 00:51:09,364 - INFO - Calculated similarity score: -0.012603683397173882
2024-09-08 00:51:09,655 - INFO - Calculated similarity score: 0.0284378994256258
2024-09-08 00:51:09,952 - INFO - Calculated similarity score: 0.6555948257446289
2024-09-08 00:51:10,300 - INFO - Calculated similarity score: 0.42930829524993896
2024-09-08 00:51:10,962 - INFO - Calculated similarity score: 0.6826932430267334
2024-09-08 00:51:11,613 - INFO - Calculated similarity score: 0.22749951481819153
2024-09-08 00:51:11,767 - INFO - Calculated similarity score: 0.37324172258377075
2024-09-08 00:51:11,950 - INFO - Calculated similarity score: 0.47227486968040466
2024-09-08 00:51:12,055 - INFO - Calculated similarity score: 0.16209357976913452
2024-09-08 00:51:12,178 - INFO - Calculated similarity score: 0.06366150826215744
2024-09-08 00:51:12,322 - INFO - Calculated similarity score: 0.4094161093235016
2024-09-08 00:51:12,450 - INFO - Calculated similarity score: 0.21590909361839294
2024-09-08 00:51:12,652 - INFO - Calculated similarity score: 0.23056566715240479
2024-09-08 00:51:12,849 - INFO - Calculated similarity score: 0.7579206228256226
2024-09-08 00:51:13,079 - INFO - Calculated similarity score: -0.05145227164030075
2024-09-08 00:51:13,218 - INFO - Calculated similarity score: -0.02143927291035652
2024-09-08 00:51:13,350 - INFO - Calculated similarity score: 0.6268463730812073
2024-09-08 00:51:13,463 - INFO - Calculated similarity score: 0.018572382628917694
2024-09-08 00:51:13,614 - INFO - Calculated similarity score: 0.010465743951499462
2024-09-08 00:51:13,773 - INFO - Calculated similarity score: 0.276642382144928
2024-09-08 00:51:13,891 - INFO - Calculated similarity score: 0.3068469762802124
2024-09-08 00:51:14,029 - INFO - Calculated similarity score: 0.6920421719551086
2024-09-08 00:51:14,157 - INFO - Calculated similarity score: 0.021055974066257477
2024-09-08 00:51:14,280 - INFO - Calculated similarity score: 0.04196689650416374
2024-09-08 00:51:14,407 - INFO - Calculated similarity score: 0.7799761295318604
2024-09-08 00:51:14,574 - INFO - Calculated similarity score: -0.02707553654909134
2024-09-08 00:51:14,691 - INFO - Calculated similarity score: 0.03182985633611679
2024-09-08 00:51:14,803 - INFO - Calculated similarity score: 0.6581323146820068
2024-09-08 00:51:14,916 - INFO - Calculated similarity score: 0.3704968988895416
2024-09-08 00:51:15,053 - INFO - Calculated similarity score: 0.38051295280456543
2024-09-08 00:51:15,193 - INFO - Calculated similarity score: 0.5685899257659912
2024-09-08 00:51:15,341 - INFO - Calculated similarity score: 0.33619436621665955
2024-09-08 00:51:15,457 - INFO - Calculated similarity score: 0.6938222050666809
2024-09-08 00:51:15,540 - INFO - Calculated similarity score: 0.10079767554998398
2024-09-08 00:51:15,685 - INFO - Calculated similarity score: -0.026430165395140648
2024-09-08 00:51:15,825 - INFO - Calculated similarity score: 0.3758946359157562
2024-09-08 00:51:15,970 - INFO - Calculated similarity score: 0.2273719608783722
2024-09-08 00:51:16,120 - INFO - Calculated similarity score: 0.4217458665370941
2024-09-08 00:51:16,241 - INFO - Calculated similarity score: -0.05170304328203201
2024-09-08 00:51:16,359 - INFO - Calculated similarity score: 0.027543313801288605
2024-09-08 00:51:16,472 - INFO - Calculated similarity score: 0.030842848122119904
2024-09-08 00:51:16,583 - INFO - Calculated similarity score: 0.07013292610645294
2024-09-08 00:51:16,691 - INFO - Calculated similarity score: 0.38079991936683655
2024-09-08 00:51:16,822 - INFO - Calculated similarity score: 0.38075199723243713
2024-09-08 00:51:16,952 - INFO - Calculated similarity score: 0.05973539501428604
2024-09-08 00:51:17,159 - INFO - Calculated similarity score: 0.17820104956626892
2024-09-08 00:51:17,362 - INFO - Calculated similarity score: 0.6476844549179077
2024-09-08 00:51:17,533 - INFO - Calculated similarity score: 0.18613210320472717
2024-09-08 00:51:17,637 - INFO - Calculated similarity score: 0.11360007524490356
2024-09-08 00:51:17,758 - INFO - Calculated similarity score: 0.23787087202072144
2024-09-08 00:51:17,883 - INFO - Calculated similarity score: 0.6394269466400146
2024-09-08 00:51:18,008 - INFO - Calculated similarity score: 0.7890580892562866
2024-09-08 00:51:18,170 - INFO - Calculated similarity score: 0.3650447130203247
2024-09-08 00:51:18,315 - INFO - Calculated similarity score: 0.49474138021469116
2024-09-08 00:51:18,429 - INFO - Calculated similarity score: 0.017101874575018883
2024-09-08 00:51:18,597 - INFO - Calculated similarity score: 0.07249699532985687
2024-09-08 00:51:18,762 - INFO - Calculated similarity score: 0.05775577202439308
2024-09-08 00:51:18,878 - INFO - Calculated similarity score: 0.11732195317745209
2024-09-08 00:51:18,994 - INFO - Calculated similarity score: 0.6761839389801025
2024-09-08 00:51:19,104 - INFO - Calculated similarity score: 0.32102471590042114
2024-09-08 00:51:19,221 - INFO - Calculated similarity score: 0.4990764260292053
2024-09-08 00:51:19,349 - INFO - Calculated similarity score: 0.45785588026046753
2024-09-08 00:51:19,471 - INFO - Calculated similarity score: 0.5609272718429565
2024-09-08 00:51:19,581 - INFO - Calculated similarity score: 0.2560204565525055
2024-09-08 00:51:19,708 - INFO - Calculated similarity score: 0.4489406943321228
2024-09-08 00:51:19,838 - INFO - Calculated similarity score: 0.3444555401802063
2024-09-08 00:51:19,949 - INFO - Calculated similarity score: 0.4477524161338806
2024-09-08 00:51:20,080 - INFO - Calculated similarity score: 0.24543413519859314
2024-09-08 00:51:20,210 - INFO - Calculated similarity score: 0.6853639483451843
2024-09-08 00:51:20,368 - INFO - Calculated similarity score: 0.3842540383338928
2024-09-08 00:51:20,534 - INFO - Calculated similarity score: 0.5162031650543213
2024-09-08 00:51:20,635 - INFO - Calculated similarity score: 0.08365394175052643
2024-09-08 00:51:20,820 - INFO - Calculated similarity score: 0.10554446280002594
2024-09-08 00:51:20,944 - INFO - Calculated similarity score: 0.444791704416275
2024-09-08 00:51:21,064 - INFO - Calculated similarity score: 0.1495981514453888
2024-09-08 00:51:21,192 - INFO - Calculated similarity score: 0.013140495866537094
2024-09-08 00:51:21,317 - INFO - Calculated similarity score: 0.6320865750312805
2024-09-08 00:51:21,450 - INFO - Calculated similarity score: 0.4523102641105652
2024-09-08 00:51:21,570 - INFO - Calculated similarity score: 0.03027258813381195
2024-09-08 00:51:21,703 - INFO - Calculated similarity score: 0.11635586619377136
2024-09-08 00:51:21,841 - INFO - Calculated similarity score: 0.6711438894271851
2024-09-08 00:51:21,972 - INFO - Calculated similarity score: 0.3352496325969696
2024-09-08 00:51:22,076 - INFO - Calculated similarity score: 0.5972921848297119
2024-09-08 00:51:22,268 - INFO - Calculated similarity score: 0.280090868473053
2024-09-08 00:51:22,442 - INFO - Calculated similarity score: 0.6242959499359131
2024-09-08 00:51:22,576 - INFO - Calculated similarity score: -0.02114320732653141
2024-09-08 00:51:22,695 - INFO - Calculated similarity score: -0.06350512057542801
2024-09-08 00:51:22,818 - INFO - Calculated similarity score: 0.39232420921325684
2024-09-08 00:51:22,932 - INFO - Calculated similarity score: 0.06880027055740356
2024-09-08 00:51:23,052 - INFO - Calculated similarity score: 0.05048612505197525
2024-09-08 00:51:23,167 - INFO - Calculated similarity score: 0.03546839579939842
2024-09-08 00:51:23,299 - INFO - Calculated similarity score: 0.02790011465549469
2024-09-08 00:51:23,427 - INFO - Calculated similarity score: 0.018683847039937973
2024-09-08 00:51:23,559 - INFO - Calculated similarity score: 0.048112113028764725
2024-09-08 00:51:23,687 - INFO - Calculated similarity score: 0.03862076997756958
2024-09-08 00:51:23,809 - INFO - Calculated similarity score: 0.0477057546377182
2024-09-08 00:51:23,926 - INFO - Calculated similarity score: 0.12391618639230728
2024-09-08 00:51:24,037 - INFO - Calculated similarity score: 0.3605831265449524
2024-09-08 00:51:24,145 - INFO - Calculated similarity score: 0.47640925645828247
2024-09-08 00:51:24,241 - INFO - Calculated similarity score: 0.458235502243042
2024-09-08 00:51:24,390 - INFO - Calculated similarity score: 0.6219314932823181
2024-09-08 00:51:24,521 - INFO - Calculated similarity score: 0.3247843384742737
2024-09-08 00:51:24,665 - INFO - Calculated similarity score: 0.3001725673675537
2024-09-08 00:51:24,806 - INFO - Calculated similarity score: 0.4774631857872009
2024-09-08 00:51:24,964 - INFO - Calculated similarity score: 0.4372103214263916
2024-09-08 00:51:25,121 - INFO - Calculated similarity score: 0.355747252702713
2024-09-08 00:51:25,261 - INFO - Calculated similarity score: 0.3290003836154938
2024-09-08 00:51:25,398 - INFO - Calculated similarity score: 0.06602922081947327
2024-09-08 00:51:25,546 - INFO - Calculated similarity score: 0.10926254838705063
2024-09-08 00:51:25,691 - INFO - Calculated similarity score: 0.5321417450904846
2024-09-08 00:51:25,817 - INFO - Calculated similarity score: 0.03727947175502777
2024-09-08 00:51:25,967 - INFO - Calculated similarity score: 0.04327603057026863
2024-09-08 00:51:26,118 - INFO - Calculated similarity score: 0.8015715479850769
2024-09-08 00:51:26,319 - INFO - Calculated similarity score: 0.3501998782157898
2024-09-08 00:51:26,467 - INFO - Calculated similarity score: 0.45401254296302795
2024-09-08 00:51:26,602 - INFO - Calculated similarity score: 0.17518767714500427
2024-09-08 00:51:26,774 - INFO - Calculated similarity score: 0.22859200835227966
2024-09-08 00:51:26,942 - INFO - Calculated similarity score: 0.532085657119751
2024-09-08 00:51:27,077 - INFO - Calculated similarity score: 0.0051849614828825
2024-09-08 00:51:27,214 - INFO - Calculated similarity score: 0.07636537402868271
2024-09-08 00:51:27,361 - INFO - Calculated similarity score: 0.5786809325218201
2024-09-08 00:51:27,491 - INFO - Calculated similarity score: 0.002780752256512642
2024-09-08 00:51:27,666 - INFO - Calculated similarity score: 0.0740172266960144
2024-09-08 00:51:27,836 - INFO - Calculated similarity score: 0.3979988992214203
2024-09-08 00:51:27,980 - INFO - Calculated similarity score: 0.3218953013420105
2024-09-08 00:51:28,112 - INFO - Calculated similarity score: 0.630943775177002
2024-09-08 00:51:28,247 - INFO - Calculated similarity score: 0.04307001084089279
2024-09-08 00:51:28,408 - INFO - Calculated similarity score: 0.07999548316001892
2024-09-08 00:51:28,558 - INFO - Calculated similarity score: 0.47503548860549927
2024-09-08 00:51:28,685 - INFO - Calculated similarity score: 0.03236933797597885
2024-09-08 00:51:28,877 - INFO - Calculated similarity score: -0.029486464336514473
2024-09-08 00:51:29,033 - INFO - Calculated similarity score: 0.5946944355964661
2024-09-08 00:51:29,160 - INFO - Calculated similarity score: 0.007882856763899326
2024-09-08 00:51:29,326 - INFO - Calculated similarity score: 0.022007174789905548
2024-09-08 00:51:29,490 - INFO - Calculated similarity score: 0.6572278141975403
2024-09-08 00:51:29,632 - INFO - Calculated similarity score: 0.0231205802410841
2024-09-08 00:51:29,790 - INFO - Calculated similarity score: 0.006878877989947796
2024-09-08 00:51:29,929 - INFO - Calculated similarity score: 0.4203587770462036
2024-09-08 00:51:30,074 - INFO - Calculated similarity score: 0.045423880219459534
2024-09-08 00:51:30,243 - INFO - Calculated similarity score: 0.017258036881685257
2024-09-08 00:51:30,411 - INFO - Calculated similarity score: 0.43475404381752014
2024-09-08 00:51:30,545 - INFO - Calculated similarity score: 0.08470061421394348
2024-09-08 00:51:30,684 - INFO - Calculated similarity score: 0.06759766489267349
2024-09-08 00:51:30,819 - INFO - Calculated similarity score: 0.44035497307777405
2024-09-08 00:51:30,945 - INFO - Calculated similarity score: 0.08609625697135925
2024-09-08 00:51:31,096 - INFO - Calculated similarity score: 0.08391368389129639
2024-09-08 00:51:31,246 - INFO - Calculated similarity score: 0.5420172214508057
2024-09-08 00:51:31,396 - INFO - Calculated similarity score: 0.3774135708808899
2024-09-08 00:51:31,532 - INFO - Calculated similarity score: 0.5984451770782471
2024-09-08 00:51:31,653 - INFO - Calculated similarity score: 0.525223970413208
2024-09-08 00:51:31,769 - INFO - Calculated similarity score: 0.43648576736450195
2024-09-08 00:51:31,866 - INFO - Calculated similarity score: 0.10400136560201645
2024-09-08 00:51:31,976 - INFO - Calculated similarity score: 0.1070258691906929
2024-09-08 00:51:32,085 - INFO - Calculated similarity score: 0.28436478972435
2024-09-08 00:51:32,201 - INFO - Calculated similarity score: 0.3191230595111847
2024-09-08 00:51:32,319 - INFO - Calculated similarity score: 0.09670190513134003
2024-09-08 00:51:32,456 - INFO - Calculated similarity score: 0.026720400899648666
2024-09-08 00:51:32,585 - INFO - Calculated similarity score: 0.4380773901939392
2024-09-08 00:51:32,677 - INFO - Calculated similarity score: 0.12538330256938934
2024-09-08 00:51:32,799 - INFO - Calculated similarity score: 0.06595447659492493
2024-09-08 00:51:32,924 - INFO - Calculated similarity score: 0.5638697147369385
2024-09-08 00:51:33,036 - INFO - Calculated similarity score: 0.1076006069779396
2024-09-08 00:51:33,164 - INFO - Calculated similarity score: 0.07281346619129181
2024-09-08 00:51:33,298 - INFO - Calculated similarity score: 0.3924296498298645
2024-09-08 00:51:33,414 - INFO - Calculated similarity score: 0.42042672634124756
2024-09-08 00:51:33,522 - INFO - Calculated similarity score: 0.14196881651878357
2024-09-08 00:51:33,693 - INFO - Calculated similarity score: 0.04807545989751816
2024-09-08 00:51:33,857 - INFO - Calculated similarity score: 0.6364262104034424
2024-09-08 00:51:34,030 - INFO - Calculated similarity score: 0.2476719617843628
2024-09-08 00:51:34,493 - INFO - Calculated similarity score: 0.3460109531879425
2024-09-08 00:51:34,951 - INFO - Calculated similarity score: 0.4357037842273712
2024-09-08 00:51:35,130 - INFO - Calculated similarity score: 0.5119805932044983
2024-09-08 00:51:35,297 - INFO - Calculated similarity score: -0.041409462690353394
2024-09-08 00:51:35,463 - INFO - Calculated similarity score: 0.015560700558125973
2024-09-08 00:51:35,625 - INFO - Calculated similarity score: 0.011496287770569324
2024-09-08 00:51:35,819 - INFO - Calculated similarity score: -0.04364130645990372
2024-09-08 00:51:35,990 - INFO - Calculated similarity score: -0.04813574254512787
2024-09-08 00:51:36,151 - INFO - Calculated similarity score: -0.0045305173844099045
2024-09-08 00:51:36,307 - INFO - Calculated similarity score: 0.216668039560318
2024-09-08 00:51:36,508 - INFO - Calculated similarity score: 0.22624224424362183
2024-09-08 00:51:36,709 - INFO - Calculated similarity score: 0.06755370646715164
2024-09-08 00:51:36,886 - INFO - Calculated similarity score: 0.052937403321266174
2024-09-08 00:51:37,023 - INFO - Calculated similarity score: 0.05166749656200409
2024-09-08 00:51:37,159 - INFO - Calculated similarity score: 0.29982811212539673
2024-09-08 00:51:37,283 - INFO - Calculated similarity score: -0.04658547043800354
2024-09-08 00:51:37,415 - INFO - Calculated similarity score: -0.04758032411336899
2024-09-08 00:51:37,618 - INFO - Calculated similarity score: 0.04138050228357315
2024-09-08 00:51:37,618 - INFO - 209 chunks created.
2024-09-08 00:51:37,717 - INFO - Chunks saved as .txt file at output\FAQ - Finance for Growth course.docx_chunked.txt
2024-09-08 00:51:37,720 - INFO - Chunks saved as .json file at output\FAQ - Finance for Growth course.docx_chunked.json
2024-09-08 00:51:37,722 - INFO - Chunks saved as .csv file at output\FAQ - Finance for Growth course.docx_chunked.csv
2024-09-08 00:51:37,722 - INFO - Chunking and saving completed for FAQ - Finance for Growth course.docx.pdf
2024-09-08 00:51:37,722 - INFO - Processing Finance for Growth coursework.docx.pdf
2024-09-08 00:51:39,913 - INFO - Loading model: sentence-transformers/all-mpnet-base-v2
2024-09-08 00:51:39,913 - INFO - Load pretrained SentenceTransformer: sentence-transformers/all-mpnet-base-v2
2024-09-08 00:51:40,049 - INFO - Use pytorch device: cpu
2024-09-08 00:51:40,049 - INFO - Model loaded successfully.
2024-09-08 00:51:40,060 - INFO - Document split into 248 sentences.
2024-09-08 00:51:40,298 - INFO - Calculated similarity score: 0.4595184624195099
2024-09-08 00:51:40,437 - INFO - Calculated similarity score: 0.3747997283935547
2024-09-08 00:51:40,565 - INFO - Calculated similarity score: 0.47706615924835205
2024-09-08 00:51:40,880 - INFO - Calculated similarity score: 0.6321086287498474
2024-09-08 00:51:41,183 - INFO - Calculated similarity score: 0.3827425241470337
2024-09-08 00:51:41,325 - INFO - Calculated similarity score: 0.43872302770614624
2024-09-08 00:51:41,412 - INFO - Calculated similarity score: 0.41830921173095703
2024-09-08 00:51:41,491 - INFO - Calculated similarity score: 0.5317993760108948
2024-09-08 00:51:41,575 - INFO - Calculated similarity score: 0.3520019054412842
2024-09-08 00:51:41,687 - INFO - Calculated similarity score: 0.29457029700279236
2024-09-08 00:51:41,988 - INFO - Calculated similarity score: 0.7640172243118286
2024-09-08 00:51:42,342 - INFO - Calculated similarity score: 0.5680261850357056
2024-09-08 00:51:42,514 - INFO - Calculated similarity score: 0.5474941730499268
2024-09-08 00:51:42,718 - INFO - Calculated similarity score: 0.38275277614593506
2024-09-08 00:51:42,848 - INFO - Calculated similarity score: 0.4138011336326599
2024-09-08 00:51:43,002 - INFO - Calculated similarity score: 0.5989404916763306
2024-09-08 00:51:43,152 - INFO - Calculated similarity score: 0.45128071308135986
2024-09-08 00:51:43,298 - INFO - Calculated similarity score: 0.501622200012207
2024-09-08 00:51:43,452 - INFO - Calculated similarity score: 0.49381154775619507
2024-09-08 00:51:43,595 - INFO - Calculated similarity score: 0.2868420481681824
2024-09-08 00:51:43,689 - INFO - Calculated similarity score: 0.5453202724456787
2024-09-08 00:51:43,789 - INFO - Calculated similarity score: 0.32763198018074036
2024-09-08 00:51:43,909 - INFO - Calculated similarity score: 0.3860591650009155
2024-09-08 00:51:44,054 - INFO - Calculated similarity score: 0.1527101993560791
2024-09-08 00:51:44,571 - INFO - Calculated similarity score: 0.33848124742507935
2024-09-08 00:51:45,070 - INFO - Calculated similarity score: 0.4202808737754822
2024-09-08 00:51:45,217 - INFO - Calculated similarity score: 0.46328139305114746
2024-09-08 00:51:45,357 - INFO - Calculated similarity score: 0.3931043744087219
2024-09-08 00:51:45,565 - INFO - Calculated similarity score: 0.3546870946884155
2024-09-08 00:51:45,768 - INFO - Calculated similarity score: 0.3888525366783142
2024-09-08 00:51:45,911 - INFO - Calculated similarity score: 0.22569160163402557
2024-09-08 00:51:46,062 - INFO - Calculated similarity score: 0.3884892463684082
2024-09-08 00:51:46,191 - INFO - Calculated similarity score: 0.3700340986251831
2024-09-08 00:51:46,318 - INFO - Calculated similarity score: 0.4930040240287781
2024-09-08 00:51:46,481 - INFO - Calculated similarity score: 0.10034072399139404
2024-09-08 00:51:46,641 - INFO - Calculated similarity score: 0.3417760729789734
2024-09-08 00:51:47,506 - INFO - Calculated similarity score: 0.36873650550842285
2024-09-08 00:51:48,342 - INFO - Calculated similarity score: 0.5363368988037109
2024-09-08 00:51:48,467 - INFO - Calculated similarity score: 0.7717679738998413
2024-09-08 00:51:48,640 - INFO - Calculated similarity score: 0.2585417628288269
2024-09-08 00:51:48,998 - INFO - Calculated similarity score: 0.689186155796051
2024-09-08 00:51:49,374 - INFO - Calculated similarity score: 0.6535277366638184
2024-09-08 00:51:49,735 - INFO - Calculated similarity score: 0.775707483291626
2024-09-08 00:51:50,350 - INFO - Calculated similarity score: 0.7083065509796143
2024-09-08 00:51:51,160 - INFO - Calculated similarity score: 0.7089012861251831
2024-09-08 00:51:52,158 - INFO - Calculated similarity score: 0.3363862633705139
2024-09-08 00:51:52,404 - INFO - Calculated similarity score: 0.3975602090358734
2024-09-08 00:51:52,510 - INFO - Calculated similarity score: 0.35054993629455566
2024-09-08 00:51:52,613 - INFO - Calculated similarity score: 0.24304232001304626
2024-09-08 00:51:52,782 - INFO - Calculated similarity score: 0.5318518877029419
2024-09-08 00:51:52,957 - INFO - Calculated similarity score: 0.594048798084259
2024-09-08 00:51:53,080 - INFO - Calculated similarity score: 0.5227336883544922
2024-09-08 00:51:53,534 - INFO - Calculated similarity score: 0.4128967523574829
2024-09-08 00:51:53,997 - INFO - Calculated similarity score: 0.5632984042167664
2024-09-08 00:51:54,137 - INFO - Calculated similarity score: 0.3948701024055481
2024-09-08 00:51:54,282 - INFO - Calculated similarity score: 0.6323927640914917
2024-09-08 00:51:54,418 - INFO - Calculated similarity score: 0.45585116744041443
2024-09-08 00:51:54,551 - INFO - Calculated similarity score: 0.17279569804668427
2024-09-08 00:51:54,680 - INFO - Calculated similarity score: 0.4436737895011902
2024-09-08 00:51:54,788 - INFO - Calculated similarity score: 0.4293938875198364
2024-09-08 00:51:54,899 - INFO - Calculated similarity score: 0.41909995675086975
2024-09-08 00:51:55,052 - INFO - Calculated similarity score: 0.18439969420433044
2024-09-08 00:51:55,225 - INFO - Calculated similarity score: 0.5065736174583435
2024-09-08 00:51:55,578 - INFO - Calculated similarity score: 0.18389610946178436
2024-09-08 00:51:55,759 - INFO - Calculated similarity score: 0.3232690095901489
2024-09-08 00:51:55,893 - INFO - Calculated similarity score: 0.32977163791656494
2024-09-08 00:51:56,284 - INFO - Calculated similarity score: 0.5455541610717773
2024-09-08 00:51:56,766 - INFO - Calculated similarity score: 0.7483478784561157
2024-09-08 00:51:57,679 - INFO - Calculated similarity score: 0.5925332307815552
2024-09-08 00:51:57,801 - INFO - Calculated similarity score: 0.7811470031738281
2024-09-08 00:51:57,956 - INFO - Calculated similarity score: 0.6421670913696289
2024-09-08 00:51:58,213 - INFO - Calculated similarity score: 0.6540185213088989
2024-09-08 00:51:58,512 - INFO - Calculated similarity score: 0.39810121059417725
2024-09-08 00:51:58,737 - INFO - Calculated similarity score: 0.30475008487701416
2024-09-08 00:51:59,018 - INFO - Calculated similarity score: 0.20438766479492188
2024-09-08 00:51:59,238 - INFO - Calculated similarity score: 0.5795919895172119
2024-09-08 00:51:59,412 - INFO - Calculated similarity score: 0.7801977396011353
2024-09-08 00:51:59,704 - INFO - Calculated similarity score: 0.7837026119232178
2024-09-08 00:52:00,052 - INFO - Calculated similarity score: 0.7095624208450317
2024-09-08 00:52:00,510 - INFO - Calculated similarity score: 0.5993231534957886
2024-09-08 00:52:00,703 - INFO - Calculated similarity score: 0.6065933704376221
2024-09-08 00:52:00,959 - INFO - Calculated similarity score: 0.4562954902648926
2024-09-08 00:52:01,216 - INFO - Calculated similarity score: 0.622934103012085
2024-09-08 00:52:01,359 - INFO - Calculated similarity score: 0.3668026924133301
2024-09-08 00:52:01,529 - INFO - Calculated similarity score: 0.5223672986030579
2024-09-08 00:52:01,706 - INFO - Calculated similarity score: 0.5203331708908081
2024-09-08 00:52:01,887 - INFO - Calculated similarity score: 0.2835230827331543
2024-09-08 00:52:02,062 - INFO - Calculated similarity score: 0.5212174654006958
2024-09-08 00:52:02,191 - INFO - Calculated similarity score: 0.5229867100715637
2024-09-08 00:52:02,317 - INFO - Calculated similarity score: 0.3852335810661316
2024-09-08 00:52:02,495 - INFO - Calculated similarity score: 0.43902575969696045
2024-09-08 00:52:02,668 - INFO - Calculated similarity score: 0.21305973827838898
2024-09-08 00:52:03,862 - INFO - Calculated similarity score: 0.5790780782699585
2024-09-08 00:52:04,999 - INFO - Calculated similarity score: 0.5780445337295532
2024-09-08 00:52:05,600 - INFO - Calculated similarity score: 0.6793667674064636
2024-09-08 00:52:06,792 - INFO - Calculated similarity score: 0.7448304891586304
2024-09-08 00:52:08,017 - INFO - Calculated similarity score: 0.6945098042488098
2024-09-08 00:52:08,273 - INFO - Calculated similarity score: 0.3437778055667877
2024-09-08 00:52:08,504 - INFO - Calculated similarity score: 0.5687004327774048
2024-09-08 00:52:08,679 - INFO - Calculated similarity score: 0.621131420135498
2024-09-08 00:52:08,844 - INFO - Calculated similarity score: 0.5365054607391357
2024-09-08 00:52:08,989 - INFO - Calculated similarity score: 0.6178621053695679
2024-09-08 00:52:09,131 - INFO - Calculated similarity score: 0.5745153427124023
2024-09-08 00:52:09,271 - INFO - Calculated similarity score: 0.6035477519035339
2024-09-08 00:52:09,416 - INFO - Calculated similarity score: 0.28882861137390137
2024-09-08 00:52:09,562 - INFO - Calculated similarity score: 0.6090736985206604
2024-09-08 00:52:09,948 - INFO - Calculated similarity score: 0.5344805717468262
2024-09-08 00:52:10,349 - INFO - Calculated similarity score: 0.6810873746871948
2024-09-08 00:52:10,572 - INFO - Calculated similarity score: 0.38858625292778015
2024-09-08 00:52:10,713 - INFO - Calculated similarity score: 0.4643992781639099
2024-09-08 00:52:10,835 - INFO - Calculated similarity score: 0.4767594337463379
2024-09-08 00:52:10,974 - INFO - Calculated similarity score: 0.24930569529533386
2024-09-08 00:52:11,108 - INFO - Calculated similarity score: 0.3594892919063568
2024-09-08 00:52:11,237 - INFO - Calculated similarity score: 0.313595175743103
2024-09-08 00:52:11,383 - INFO - Calculated similarity score: 0.554088830947876
2024-09-08 00:52:11,664 - INFO - Calculated similarity score: 0.6183731555938721
2024-09-08 00:52:11,949 - INFO - Calculated similarity score: 0.3879583775997162
2024-09-08 00:52:12,077 - INFO - Calculated similarity score: 0.4554107189178467
2024-09-08 00:52:12,167 - INFO - Calculated similarity score: 0.057979900389909744
2024-09-08 00:52:12,309 - INFO - Calculated similarity score: 0.054808832705020905
2024-09-08 00:52:12,444 - INFO - Calculated similarity score: 0.6911554336547852
2024-09-08 00:52:12,543 - INFO - Calculated similarity score: -0.0006652828305959702
2024-09-08 00:52:12,698 - INFO - Calculated similarity score: 0.0018834760412573814
2024-09-08 00:52:12,848 - INFO - Calculated similarity score: 0.17847639322280884
2024-09-08 00:52:13,008 - INFO - Calculated similarity score: 0.09186701476573944
2024-09-08 00:52:13,161 - INFO - Calculated similarity score: 0.5319024324417114
2024-09-08 00:52:13,306 - INFO - Calculated similarity score: 0.29118943214416504
2024-09-08 00:52:13,448 - INFO - Calculated similarity score: 0.3041457533836365
2024-09-08 00:52:13,579 - INFO - Calculated similarity score: -0.0064896829426288605
2024-09-08 00:52:13,742 - INFO - Calculated similarity score: 0.06292478740215302
2024-09-08 00:52:13,890 - INFO - Calculated similarity score: 0.3766041398048401
2024-09-08 00:52:14,235 - INFO - Calculated similarity score: 0.45901185274124146
2024-09-08 00:52:14,577 - INFO - Calculated similarity score: 0.5425395369529724
2024-09-08 00:52:14,826 - INFO - Calculated similarity score: 0.6446913480758667
2024-09-08 00:52:15,074 - INFO - Calculated similarity score: 0.7282413244247437
2024-09-08 00:52:15,484 - INFO - Calculated similarity score: 0.7498507499694824
2024-09-08 00:52:16,095 - INFO - Calculated similarity score: 0.8100743293762207
2024-09-08 00:52:17,198 - INFO - Calculated similarity score: 0.5635135173797607
2024-09-08 00:52:17,395 - INFO - Calculated similarity score: 0.679360032081604
2024-09-08 00:52:17,547 - INFO - Calculated similarity score: 0.518240213394165
2024-09-08 00:52:17,723 - INFO - Calculated similarity score: 0.2452995777130127
2024-09-08 00:52:17,889 - INFO - Calculated similarity score: 0.3195798397064209
2024-09-08 00:52:18,356 - INFO - Calculated similarity score: 0.04050106555223465
2024-09-08 00:52:18,548 - INFO - Calculated similarity score: 0.5486418008804321
2024-09-08 00:52:18,703 - INFO - Calculated similarity score: 0.3950052857398987
2024-09-08 00:52:18,836 - INFO - Calculated similarity score: 0.5115248560905457
2024-09-08 00:52:18,999 - INFO - Calculated similarity score: 0.42278605699539185
2024-09-08 00:52:19,171 - INFO - Calculated similarity score: 0.6574360132217407
2024-09-08 00:52:19,346 - INFO - Calculated similarity score: 0.6198685765266418
2024-09-08 00:52:19,523 - INFO - Calculated similarity score: 0.3920847177505493
2024-09-08 00:52:19,721 - INFO - Calculated similarity score: 0.4159277677536011
2024-09-08 00:52:19,904 - INFO - Calculated similarity score: 0.5003743171691895
2024-09-08 00:52:20,067 - INFO - Calculated similarity score: 0.5467560291290283
2024-09-08 00:52:20,227 - INFO - Calculated similarity score: 0.6270943880081177
2024-09-08 00:52:20,387 - INFO - Calculated similarity score: 0.6386736035346985
2024-09-08 00:52:20,543 - INFO - Calculated similarity score: 0.48933732509613037
2024-09-08 00:52:20,703 - INFO - Calculated similarity score: 0.2597472667694092
2024-09-08 00:52:20,846 - INFO - Calculated similarity score: 0.3133563995361328
2024-09-08 00:52:20,987 - INFO - Calculated similarity score: 0.5250769257545471
2024-09-08 00:52:21,187 - INFO - Calculated similarity score: 0.4700130224227905
2024-09-08 00:52:21,392 - INFO - Calculated similarity score: 0.37258976697921753
2024-09-08 00:52:21,598 - INFO - Calculated similarity score: 0.6935979723930359
2024-09-08 00:52:21,783 - INFO - Calculated similarity score: 0.38349735736846924
2024-09-08 00:52:22,004 - INFO - Calculated similarity score: 0.33400285243988037
2024-09-08 00:52:22,221 - INFO - Calculated similarity score: 0.24756383895874023
2024-09-08 00:52:22,342 - INFO - Calculated similarity score: 0.25584661960601807
2024-09-08 00:52:22,516 - INFO - Calculated similarity score: 0.18001088500022888
2024-09-08 00:52:22,678 - INFO - Calculated similarity score: 0.4496655762195587
2024-09-08 00:52:22,802 - INFO - Calculated similarity score: 0.34078311920166016
2024-09-08 00:52:22,992 - INFO - Calculated similarity score: 0.29536712169647217
2024-09-08 00:52:23,241 - INFO - Calculated similarity score: 0.46233507990837097
2024-09-08 00:52:23,446 - INFO - Calculated similarity score: 0.3759671449661255
2024-09-08 00:52:23,636 - INFO - Calculated similarity score: 0.31184884905815125
2024-09-08 00:52:23,784 - INFO - Calculated similarity score: 0.4648357033729553
2024-09-08 00:52:23,933 - INFO - Calculated similarity score: 0.37646687030792236
2024-09-08 00:52:24,095 - INFO - Calculated similarity score: 0.40900248289108276
2024-09-08 00:52:24,290 - INFO - Calculated similarity score: 0.12401361763477325
2024-09-08 00:52:24,479 - INFO - Calculated similarity score: 0.6964095830917358
2024-09-08 00:52:24,618 - INFO - Calculated similarity score: 0.4860190749168396
2024-09-08 00:52:24,767 - INFO - Calculated similarity score: 0.41093629598617554
2024-09-08 00:52:24,908 - INFO - Calculated similarity score: 0.6039643287658691
2024-09-08 00:52:25,062 - INFO - Calculated similarity score: 0.43563777208328247
2024-09-08 00:52:25,243 - INFO - Calculated similarity score: 0.7176077961921692
2024-09-08 00:52:25,772 - INFO - Calculated similarity score: 0.38776668906211853
2024-09-08 00:52:26,307 - INFO - Calculated similarity score: 0.5237343311309814
2024-09-08 00:52:26,967 - INFO - Calculated similarity score: 0.6451588869094849
2024-09-08 00:52:27,395 - INFO - Calculated similarity score: 0.48438745737075806
2024-09-08 00:52:28,037 - INFO - Calculated similarity score: 0.33501559495925903
2024-09-08 00:52:28,116 - INFO - Calculated similarity score: 0.42313528060913086
2024-09-08 00:52:28,196 - INFO - Calculated similarity score: 0.51578289270401
2024-09-08 00:52:28,357 - INFO - Calculated similarity score: 0.47590088844299316
2024-09-08 00:52:28,502 - INFO - Calculated similarity score: 0.3259594440460205
2024-09-08 00:52:28,615 - INFO - Calculated similarity score: 0.6603411436080933
2024-09-08 00:52:28,796 - INFO - Calculated similarity score: 0.36419329047203064
2024-09-08 00:52:28,970 - INFO - Calculated similarity score: 0.36779090762138367
2024-09-08 00:52:29,105 - INFO - Calculated similarity score: 0.688875675201416
2024-09-08 00:52:29,262 - INFO - Calculated similarity score: 0.45702147483825684
2024-09-08 00:52:29,430 - INFO - Calculated similarity score: 0.6054202318191528
2024-09-08 00:52:29,606 - INFO - Calculated similarity score: 0.5370584726333618
2024-09-08 00:52:29,764 - INFO - Calculated similarity score: 0.18714967370033264
2024-09-08 00:52:29,893 - INFO - Calculated similarity score: 0.20777159929275513
2024-09-08 00:52:30,010 - INFO - Calculated similarity score: 0.31007900834083557
2024-09-08 00:52:30,142 - INFO - Calculated similarity score: 0.398998498916626
2024-09-08 00:52:30,311 - INFO - Calculated similarity score: 0.32504433393478394
2024-09-08 00:52:30,491 - INFO - Calculated similarity score: 0.37323009967803955
2024-09-08 00:52:30,597 - INFO - Calculated similarity score: 0.23245015740394592
2024-09-08 00:52:30,701 - INFO - Calculated similarity score: 0.5303711891174316
2024-09-08 00:52:30,860 - INFO - Calculated similarity score: 0.47633737325668335
2024-09-08 00:52:31,011 - INFO - Calculated similarity score: 0.5089015960693359
2024-09-08 00:52:31,105 - INFO - Calculated similarity score: 0.236207976937294
2024-09-08 00:52:31,204 - INFO - Calculated similarity score: 0.4664074182510376
2024-09-08 00:52:31,302 - INFO - Calculated similarity score: 0.08210106194019318
2024-09-08 00:52:31,433 - INFO - Calculated similarity score: -0.0927390530705452
2024-09-08 00:52:31,561 - INFO - Calculated similarity score: -0.06273271143436432
2024-09-08 00:52:31,653 - INFO - Calculated similarity score: 0.03415384888648987
2024-09-08 00:52:31,776 - INFO - Calculated similarity score: 0.13299345970153809
2024-09-08 00:52:31,908 - INFO - Calculated similarity score: 0.3522476553916931
2024-09-08 00:52:32,048 - INFO - Calculated similarity score: 0.32520854473114014
2024-09-08 00:52:32,176 - INFO - Calculated similarity score: 0.26156070828437805
2024-09-08 00:52:32,302 - INFO - Calculated similarity score: 0.1275782287120819
2024-09-08 00:52:32,461 - INFO - Calculated similarity score: 0.0801859050989151
2024-09-08 00:52:32,620 - INFO - Calculated similarity score: 0.4294437766075134
2024-09-08 00:52:32,754 - INFO - Calculated similarity score: 0.3312322497367859
2024-09-08 00:52:32,903 - INFO - Calculated similarity score: 0.3043428659439087
2024-09-08 00:52:33,061 - INFO - Calculated similarity score: 0.3457830250263214
2024-09-08 00:52:33,226 - INFO - Calculated similarity score: 0.32842108607292175
2024-09-08 00:52:33,413 - INFO - Calculated similarity score: 0.35391780734062195
2024-09-08 00:52:33,603 - INFO - Calculated similarity score: 0.3565687835216522
2024-09-08 00:52:33,791 - INFO - Calculated similarity score: 0.40728914737701416
2024-09-08 00:52:34,258 - INFO - Calculated similarity score: 0.5150113701820374
2024-09-08 00:52:34,658 - INFO - Calculated similarity score: 0.24468396604061127
2024-09-08 00:52:34,932 - INFO - Calculated similarity score: 0.32489311695098877
2024-09-08 00:52:35,398 - INFO - Calculated similarity score: 0.5243725180625916
2024-09-08 00:52:35,665 - INFO - Calculated similarity score: 0.4984438717365265
2024-09-08 00:52:35,916 - INFO - Calculated similarity score: 0.5036587715148926
2024-09-08 00:52:36,036 - INFO - Calculated similarity score: 0.5619469881057739
2024-09-08 00:52:36,147 - INFO - Calculated similarity score: 0.5391724705696106
2024-09-08 00:52:36,286 - INFO - Calculated similarity score: 0.5193926095962524
2024-09-08 00:52:36,450 - INFO - Calculated similarity score: 0.46416887640953064
2024-09-08 00:52:36,576 - INFO - Calculated similarity score: 0.5658197999000549
2024-09-08 00:52:36,700 - INFO - Calculated similarity score: 0.7455786466598511
2024-09-08 00:52:36,862 - INFO - Calculated similarity score: 0.8626788258552551
2024-09-08 00:52:37,197 - INFO - Calculated similarity score: 0.22278732061386108
2024-09-08 00:52:37,523 - INFO - Calculated similarity score: 0.5612571239471436
2024-09-08 00:52:37,886 - INFO - Calculated similarity score: 0.47876983880996704
2024-09-08 00:52:38,242 - INFO - Calculated similarity score: 0.6071204543113708
2024-09-08 00:52:38,378 - INFO - Calculated similarity score: 0.5752983093261719
2024-09-08 00:52:38,378 - INFO - 231 chunks created.
2024-09-08 00:52:38,478 - INFO - Chunks saved as .txt file at output\Finance for Growth coursework.docx_chunked.txt
2024-09-08 00:52:38,480 - INFO - Chunks saved as .json file at output\Finance for Growth coursework.docx_chunked.json
2024-09-08 00:52:38,483 - INFO - Chunks saved as .csv file at output\Finance for Growth coursework.docx_chunked.csv
2024-09-08 00:52:38,483 - INFO - Chunking and saving completed for Finance for Growth coursework.docx.pdf
2024-09-08 00:52:38,484 - INFO - Processing Finance for Growth.pdf
2024-09-08 00:52:39,524 - INFO - Loading model: sentence-transformers/all-mpnet-base-v2
2024-09-08 00:52:39,525 - INFO - Load pretrained SentenceTransformer: sentence-transformers/all-mpnet-base-v2
2024-09-08 00:52:39,679 - INFO - Use pytorch device: cpu
2024-09-08 00:52:39,680 - INFO - Model loaded successfully.
2024-09-08 00:52:39,691 - INFO - Document split into 225 sentences.
2024-09-08 00:52:41,061 - INFO - Calculated similarity score: 0.5489802360534668
2024-09-08 00:52:41,229 - INFO - Calculated similarity score: 0.40395456552505493
2024-09-08 00:52:41,486 - INFO - Calculated similarity score: 0.44004112482070923
2024-09-08 00:52:41,736 - INFO - Calculated similarity score: 0.5580713152885437
2024-09-08 00:52:41,920 - INFO - Calculated similarity score: 0.49058622121810913
2024-09-08 00:52:42,033 - INFO - Calculated similarity score: 0.7141836285591125
2024-09-08 00:52:42,187 - INFO - Calculated similarity score: 0.46049073338508606
2024-09-08 00:52:42,320 - INFO - Calculated similarity score: 0.3996603190898895
2024-09-08 00:52:42,453 - INFO - Calculated similarity score: 0.14368487894535065
2024-09-08 00:52:42,654 - INFO - Calculated similarity score: 0.5305423736572266
2024-09-08 00:52:42,951 - INFO - Calculated similarity score: 0.5981369018554688
2024-09-08 00:52:43,322 - INFO - Calculated similarity score: 0.36585733294487
2024-09-08 00:52:43,690 - INFO - Calculated similarity score: 0.4571590721607208
2024-09-08 00:52:43,839 - INFO - Calculated similarity score: 0.48853829503059387
2024-09-08 00:52:43,978 - INFO - Calculated similarity score: 0.412678599357605
2024-09-08 00:52:44,155 - INFO - Calculated similarity score: 0.41455310583114624
2024-09-08 00:52:44,320 - INFO - Calculated similarity score: 0.5603467226028442
2024-09-08 00:52:44,466 - INFO - Calculated similarity score: 0.689755916595459
2024-09-08 00:52:44,622 - INFO - Calculated similarity score: 0.38157394528388977
2024-09-08 00:52:44,775 - INFO - Calculated similarity score: 0.6315235495567322
2024-09-08 00:52:44,934 - INFO - Calculated similarity score: 0.7343536615371704
2024-09-08 00:52:45,175 - INFO - Calculated similarity score: 0.14965397119522095
2024-09-08 00:52:45,355 - INFO - Calculated similarity score: 0.46317142248153687
2024-09-08 00:52:45,451 - INFO - Calculated similarity score: 0.6015851497650146
2024-09-08 00:52:45,582 - INFO - Calculated similarity score: 0.4983757734298706
2024-09-08 00:52:45,709 - INFO - Calculated similarity score: 0.6544665694236755
2024-09-08 00:52:45,895 - INFO - Calculated similarity score: 0.33714616298675537
2024-09-08 00:52:46,328 - INFO - Calculated similarity score: 0.3203519284725189
2024-09-08 00:52:46,770 - INFO - Calculated similarity score: 0.5698984861373901
2024-09-08 00:52:46,936 - INFO - Calculated similarity score: 0.8577383756637573
2024-09-08 00:52:47,556 - INFO - Calculated similarity score: 0.5887285470962524
2024-09-08 00:52:48,181 - INFO - Calculated similarity score: 0.11436206102371216
2024-09-08 00:52:48,304 - INFO - Calculated similarity score: 0.1342816948890686
2024-09-08 00:52:48,419 - INFO - Calculated similarity score: 0.13717129826545715
2024-09-08 00:52:48,560 - INFO - Calculated similarity score: 0.15648913383483887
2024-09-08 00:52:48,737 - INFO - Calculated similarity score: 0.16595546901226044
2024-09-08 00:52:48,887 - INFO - Calculated similarity score: 0.23891836404800415
2024-09-08 00:52:49,019 - INFO - Calculated similarity score: 0.20404696464538574
2024-09-08 00:52:49,151 - INFO - Calculated similarity score: 0.1601313352584839
2024-09-08 00:52:49,276 - INFO - Calculated similarity score: 0.6264708042144775
2024-09-08 00:52:49,578 - INFO - Calculated similarity score: 0.650693416595459
2024-09-08 00:52:49,820 - INFO - Calculated similarity score: 0.6939506530761719
2024-09-08 00:52:50,062 - INFO - Calculated similarity score: 0.7255282402038574
2024-09-08 00:52:50,955 - INFO - Calculated similarity score: 0.6824540495872498
2024-09-08 00:52:51,824 - INFO - Calculated similarity score: 0.5173750519752502
2024-09-08 00:52:52,114 - INFO - Calculated similarity score: 0.4212622046470642
2024-09-08 00:52:52,225 - INFO - Calculated similarity score: 0.3947301208972931
2024-09-08 00:52:52,347 - INFO - Calculated similarity score: 0.3766094446182251
2024-09-08 00:52:52,467 - INFO - Calculated similarity score: 0.18757477402687073
2024-09-08 00:52:52,600 - INFO - Calculated similarity score: 0.4716777205467224
2024-09-08 00:52:52,700 - INFO - Calculated similarity score: 0.46585601568222046
2024-09-08 00:52:52,810 - INFO - Calculated similarity score: 0.49185773730278015
2024-09-08 00:52:53,136 - INFO - Calculated similarity score: 0.35611170530319214
2024-09-08 00:52:53,499 - INFO - Calculated similarity score: 0.29001277685165405
2024-09-08 00:52:53,631 - INFO - Calculated similarity score: 0.17289508879184723
2024-09-08 00:52:53,736 - INFO - Calculated similarity score: 0.1187913715839386
2024-09-08 00:52:53,854 - INFO - Calculated similarity score: 0.1252017319202423
2024-09-08 00:52:53,958 - INFO - Calculated similarity score: 0.09368959069252014
2024-09-08 00:52:54,063 - INFO - Calculated similarity score: 0.10362427681684494
2024-09-08 00:52:54,192 - INFO - Calculated similarity score: 0.08700209110975266
2024-09-08 00:52:54,300 - INFO - Calculated similarity score: 0.48464491963386536
2024-09-08 00:52:54,612 - INFO - Calculated similarity score: 0.5056825876235962
2024-09-08 00:52:55,825 - INFO - Calculated similarity score: 0.6261188983917236
2024-09-08 00:52:57,045 - INFO - Calculated similarity score: 0.3230312466621399
2024-09-08 00:52:57,291 - INFO - Calculated similarity score: 0.3115311861038208
2024-09-08 00:52:57,470 - INFO - Calculated similarity score: 0.4675443470478058
2024-09-08 00:52:57,637 - INFO - Calculated similarity score: 0.42997437715530396
2024-09-08 00:52:57,793 - INFO - Calculated similarity score: 0.24121859669685364
2024-09-08 00:52:57,963 - INFO - Calculated similarity score: 0.48976564407348633
2024-09-08 00:52:58,145 - INFO - Calculated similarity score: 0.5845638513565063
2024-09-08 00:52:58,315 - INFO - Calculated similarity score: 0.4622911214828491
2024-09-08 00:52:58,449 - INFO - Calculated similarity score: 0.3847278952598572
2024-09-08 00:52:58,617 - INFO - Calculated similarity score: 0.4370400309562683
2024-09-08 00:52:58,777 - INFO - Calculated similarity score: 0.0582975409924984
2024-09-08 00:52:58,884 - INFO - Calculated similarity score: 0.2638750672340393
2024-09-08 00:52:59,010 - INFO - Calculated similarity score: 0.10700403898954391
2024-09-08 00:52:59,128 - INFO - Calculated similarity score: 0.09893328696489334
2024-09-08 00:52:59,256 - INFO - Calculated similarity score: 0.08945733308792114
2024-09-08 00:52:59,358 - INFO - Calculated similarity score: 0.11398599296808243
2024-09-08 00:52:59,473 - INFO - Calculated similarity score: 0.10777182132005692
2024-09-08 00:52:59,591 - INFO - Calculated similarity score: 0.13711634278297424
2024-09-08 00:53:00,500 - INFO - Calculated similarity score: 0.49524763226509094
2024-09-08 00:53:01,447 - INFO - Calculated similarity score: 0.4827914237976074
2024-09-08 00:53:01,643 - INFO - Calculated similarity score: 0.613247275352478
2024-09-08 00:53:01,841 - INFO - Calculated similarity score: 0.49122563004493713
2024-09-08 00:53:01,977 - INFO - Calculated similarity score: 0.4717206656932831
2024-09-08 00:53:02,448 - INFO - Calculated similarity score: 0.6842464208602905
2024-09-08 00:53:02,815 - INFO - Calculated similarity score: 0.47694435715675354
2024-09-08 00:53:02,942 - INFO - Calculated similarity score: 0.3352137506008148
2024-09-08 00:53:03,082 - INFO - Calculated similarity score: 0.2913998067378998
2024-09-08 00:53:03,224 - INFO - Calculated similarity score: 0.49663037061691284
2024-09-08 00:53:03,379 - INFO - Calculated similarity score: 0.2971419095993042
2024-09-08 00:53:03,520 - INFO - Calculated similarity score: 0.2862387001514435
2024-09-08 00:53:03,986 - INFO - Calculated similarity score: 0.5308912992477417
2024-09-08 00:53:04,434 - INFO - Calculated similarity score: 0.16989213228225708
2024-09-08 00:53:04,554 - INFO - Calculated similarity score: 0.4067976772785187
2024-09-08 00:53:05,089 - INFO - Calculated similarity score: 0.23487764596939087
2024-09-08 00:53:05,939 - INFO - Calculated similarity score: 0.8482866287231445
2024-09-08 00:53:07,046 - INFO - Calculated similarity score: 0.30031758546829224
2024-09-08 00:53:07,161 - INFO - Calculated similarity score: 0.23351021111011505
2024-09-08 00:53:07,283 - INFO - Calculated similarity score: 0.3193287253379822
2024-09-08 00:53:07,508 - INFO - Calculated similarity score: 0.7130890488624573
2024-09-08 00:53:07,765 - INFO - Calculated similarity score: -0.039638347923755646
2024-09-08 00:53:07,926 - INFO - Calculated similarity score: -0.08828549087047577
2024-09-08 00:53:08,045 - INFO - Calculated similarity score: 0.5519274473190308
2024-09-08 00:53:08,164 - INFO - Calculated similarity score: 0.4992111921310425
2024-09-08 00:53:08,351 - INFO - Calculated similarity score: 0.4425783157348633
2024-09-08 00:53:08,524 - INFO - Calculated similarity score: 0.678889274597168
2024-09-08 00:53:08,686 - INFO - Calculated similarity score: 0.5416052341461182
2024-09-08 00:53:08,851 - INFO - Calculated similarity score: 0.4744616448879242
2024-09-08 00:53:08,948 - INFO - Calculated similarity score: 0.49864545464515686
2024-09-08 00:53:09,107 - INFO - Calculated similarity score: 0.3011119067668915
2024-09-08 00:53:09,274 - INFO - Calculated similarity score: 0.3227110803127289
2024-09-08 00:53:09,403 - INFO - Calculated similarity score: 0.4447343349456787
2024-09-08 00:53:09,573 - INFO - Calculated similarity score: 0.3107753396034241
2024-09-08 00:53:09,739 - INFO - Calculated similarity score: 0.46364283561706543
2024-09-08 00:53:09,884 - INFO - Calculated similarity score: 0.4953082203865051
2024-09-08 00:53:10,025 - INFO - Calculated similarity score: 0.37155455350875854
2024-09-08 00:53:10,160 - INFO - Calculated similarity score: 0.5115346908569336
2024-09-08 00:53:10,301 - INFO - Calculated similarity score: 0.31516316533088684
2024-09-08 00:53:10,464 - INFO - Calculated similarity score: 0.5957741141319275
2024-09-08 00:53:10,613 - INFO - Calculated similarity score: 0.04998808354139328
2024-09-08 00:53:10,736 - INFO - Calculated similarity score: 0.3399575352668762
2024-09-08 00:53:10,872 - INFO - Calculated similarity score: 0.11971382051706314
2024-09-08 00:53:10,981 - INFO - Calculated similarity score: 0.15287286043167114
2024-09-08 00:53:11,084 - INFO - Calculated similarity score: 0.15827949345111847
2024-09-08 00:53:11,188 - INFO - Calculated similarity score: 0.12439526617527008
2024-09-08 00:53:11,288 - INFO - Calculated similarity score: 0.1418788731098175
2024-09-08 00:53:11,390 - INFO - Calculated similarity score: 0.12906542420387268
2024-09-08 00:53:11,498 - INFO - Calculated similarity score: 0.6254302859306335
2024-09-08 00:53:11,669 - INFO - Calculated similarity score: 0.4166829586029053
2024-09-08 00:53:11,841 - INFO - Calculated similarity score: 0.5153363347053528
2024-09-08 00:53:12,008 - INFO - Calculated similarity score: 0.6606736779212952
2024-09-08 00:53:12,178 - INFO - Calculated similarity score: 0.6862046122550964
2024-09-08 00:53:12,454 - INFO - Calculated similarity score: 0.6650294661521912
2024-09-08 00:53:12,751 - INFO - Calculated similarity score: 0.6038533449172974
2024-09-08 00:53:12,927 - INFO - Calculated similarity score: 0.6883816719055176
2024-09-08 00:53:13,088 - INFO - Calculated similarity score: 0.3574744462966919
2024-09-08 00:53:13,232 - INFO - Calculated similarity score: 0.10315751284360886
2024-09-08 00:53:13,384 - INFO - Calculated similarity score: 0.6548941731452942
2024-09-08 00:53:13,532 - INFO - Calculated similarity score: 0.5685453414916992
2024-09-08 00:53:13,714 - INFO - Calculated similarity score: 0.42278605699539185
2024-09-08 00:53:13,844 - INFO - Calculated similarity score: 0.6574360132217407
2024-09-08 00:53:13,995 - INFO - Calculated similarity score: 0.6228596568107605
2024-09-08 00:53:14,142 - INFO - Calculated similarity score: 0.4166278839111328
2024-09-08 00:53:14,287 - INFO - Calculated similarity score: 0.45992282032966614
2024-09-08 00:53:14,433 - INFO - Calculated similarity score: 0.5085973739624023
2024-09-08 00:53:14,625 - INFO - Calculated similarity score: 0.56522536277771
2024-09-08 00:53:14,813 - INFO - Calculated similarity score: 0.5662517547607422
2024-09-08 00:53:14,946 - INFO - Calculated similarity score: 0.29590779542922974
2024-09-08 00:53:15,061 - INFO - Calculated similarity score: 0.35564205050468445
2024-09-08 00:53:15,235 - INFO - Calculated similarity score: 0.29195040464401245
2024-09-08 00:53:15,399 - INFO - Calculated similarity score: 0.3464181423187256
2024-09-08 00:53:15,569 - INFO - Calculated similarity score: 0.49806827306747437
2024-09-08 00:53:15,754 - INFO - Calculated similarity score: 0.390578031539917
2024-09-08 00:53:15,943 - INFO - Calculated similarity score: 0.678508996963501
2024-09-08 00:53:16,097 - INFO - Calculated similarity score: 0.3644735813140869
2024-09-08 00:53:16,270 - INFO - Calculated similarity score: 0.3202398419380188
2024-09-08 00:53:16,440 - INFO - Calculated similarity score: 0.20908419787883759
2024-09-08 00:53:16,566 - INFO - Calculated similarity score: 0.30622249841690063
2024-09-08 00:53:16,727 - INFO - Calculated similarity score: 0.34504783153533936
2024-09-08 00:53:16,883 - INFO - Calculated similarity score: 0.18791890144348145
2024-09-08 00:53:16,991 - INFO - Calculated similarity score: 0.4789949655532837
2024-09-08 00:53:17,101 - INFO - Calculated similarity score: 0.3371012210845947
2024-09-08 00:53:17,506 - INFO - Calculated similarity score: 0.40030819177627563
2024-09-08 00:53:17,904 - INFO - Calculated similarity score: 0.5156768560409546
2024-09-08 00:53:18,100 - INFO - Calculated similarity score: 0.42397892475128174
2024-09-08 00:53:18,312 - INFO - Calculated similarity score: 0.32580041885375977
2024-09-08 00:53:18,780 - INFO - Calculated similarity score: 0.6505169868469238
2024-09-08 00:53:19,220 - INFO - Calculated similarity score: 0.5294966697692871
2024-09-08 00:53:19,409 - INFO - Calculated similarity score: 0.41691458225250244
2024-09-08 00:53:19,510 - INFO - Calculated similarity score: 0.12044087052345276
2024-09-08 00:53:19,600 - INFO - Calculated similarity score: 0.13354584574699402
2024-09-08 00:53:19,694 - INFO - Calculated similarity score: 0.1082095354795456
2024-09-08 00:53:19,822 - INFO - Calculated similarity score: 0.15696296095848083
2024-09-08 00:53:19,942 - INFO - Calculated similarity score: 0.17055028676986694
2024-09-08 00:53:20,050 - INFO - Calculated similarity score: 0.09991514682769775
2024-09-08 00:53:20,230 - INFO - Calculated similarity score: 0.46827706694602966
2024-09-08 00:53:20,429 - INFO - Calculated similarity score: 0.5077660083770752
2024-09-08 00:53:20,695 - INFO - Calculated similarity score: 0.6653163433074951
2024-09-08 00:53:21,174 - INFO - Calculated similarity score: 0.46975675225257874
2024-09-08 00:53:21,612 - INFO - Calculated similarity score: 0.6683820486068726
2024-09-08 00:53:21,978 - INFO - Calculated similarity score: 0.6593281030654907
2024-09-08 00:53:22,329 - INFO - Calculated similarity score: 0.3858305811882019
2024-09-08 00:53:22,494 - INFO - Calculated similarity score: 0.5710597634315491
2024-09-08 00:53:22,660 - INFO - Calculated similarity score: 0.19744612276554108
2024-09-08 00:53:22,750 - INFO - Calculated similarity score: 0.08210106194019318
2024-09-08 00:53:22,870 - INFO - Calculated similarity score: -0.0927390530705452
2024-09-08 00:53:22,993 - INFO - Calculated similarity score: -0.06273271143436432
2024-09-08 00:53:23,081 - INFO - Calculated similarity score: 0.03415384888648987
2024-09-08 00:53:23,825 - INFO - Calculated similarity score: 0.37464386224746704
2024-09-08 00:53:24,576 - INFO - Calculated similarity score: 0.48589789867401123
2024-09-08 00:53:24,679 - INFO - Calculated similarity score: 0.11709161847829819
2024-09-08 00:53:24,791 - INFO - Calculated similarity score: 0.1363985240459442
2024-09-08 00:53:24,905 - INFO - Calculated similarity score: 0.12130174785852432
2024-09-08 00:53:25,002 - INFO - Calculated similarity score: 0.12793408334255219
2024-09-08 00:53:25,093 - INFO - Calculated similarity score: 0.12152883410453796
2024-09-08 00:53:25,203 - INFO - Calculated similarity score: 0.15713217854499817
2024-09-08 00:53:25,443 - INFO - Calculated similarity score: 0.5221141576766968
2024-09-08 00:53:25,662 - INFO - Calculated similarity score: 0.5141396522521973
2024-09-08 00:53:25,851 - INFO - Calculated similarity score: 0.42010027170181274
2024-09-08 00:53:26,033 - INFO - Calculated similarity score: 0.48939114809036255
2024-09-08 00:53:26,134 - INFO - Calculated similarity score: 0.5619469881057739
2024-09-08 00:53:26,233 - INFO - Calculated similarity score: 0.5391724705696106
2024-09-08 00:53:26,335 - INFO - Calculated similarity score: 0.5119417905807495
2024-09-08 00:53:26,441 - INFO - Calculated similarity score: 0.45525050163269043
2024-09-08 00:53:26,553 - INFO - Calculated similarity score: 0.5658197999000549
2024-09-08 00:53:26,666 - INFO - Calculated similarity score: 0.7455786466598511
2024-09-08 00:53:26,806 - INFO - Calculated similarity score: 0.8626788258552551
2024-09-08 00:53:26,987 - INFO - Calculated similarity score: 0.35707056522369385
2024-09-08 00:53:27,144 - INFO - Calculated similarity score: 0.4472750127315521
2024-09-08 00:53:27,271 - INFO - Calculated similarity score: 0.4499131441116333
2024-09-08 00:53:27,460 - INFO - Calculated similarity score: 0.6658214926719666
2024-09-08 00:53:27,630 - INFO - Calculated similarity score: 0.5357590913772583
2024-09-08 00:53:27,794 - INFO - Calculated similarity score: 0.536625862121582
2024-09-08 00:53:27,953 - INFO - Calculated similarity score: 0.3349982798099518
2024-09-08 00:53:28,081 - INFO - Calculated similarity score: 0.5449798107147217
2024-09-08 00:53:28,195 - INFO - Calculated similarity score: 0.45285922288894653
2024-09-08 00:53:28,370 - INFO - Calculated similarity score: 0.5904022455215454
2024-09-08 00:53:28,540 - INFO - Calculated similarity score: 0.46712905168533325
2024-09-08 00:53:28,715 - INFO - Calculated similarity score: 0.4650585651397705
2024-09-08 00:53:29,757 - INFO - Calculated similarity score: 0.43671339750289917
2024-09-08 00:53:30,785 - INFO - Calculated similarity score: 0.1760122925043106
2024-09-08 00:53:30,909 - INFO - Calculated similarity score: 0.2976493537425995
2024-09-08 00:53:30,909 - INFO - 217 chunks created.
2024-09-08 00:53:30,997 - INFO - Chunks saved as .txt file at output\Finance for Growth_chunked.txt
2024-09-08 00:53:31,000 - INFO - Chunks saved as .json file at output\Finance for Growth_chunked.json
2024-09-08 00:53:31,004 - INFO - Chunks saved as .csv file at output\Finance for Growth_chunked.csv
2024-09-08 00:53:31,004 - INFO - Chunking and saving completed for Finance for Growth.pdf
2024-09-08 00:53:31,004 - INFO - PDF chunking process completed.
2024-09-08 00:56:41,933 - INFO - Starting PDF chunking process.
2024-09-08 00:56:41,933 - INFO - Processing FAQ - Finance for Growth course.docx.pdf
2024-09-08 00:56:42,619 - INFO - Load pretrained SentenceTransformer: sentence-transformers/all-mpnet-base-v2
2024-09-08 00:56:44,653 - INFO - Use pytorch device: cpu
2024-09-08 00:56:44,675 - INFO - Document split into 213 sentences.
2024-09-08 00:56:44,893 - INFO - Similarity score between chunk and sentence: 0.18689501285552979
2024-09-08 00:56:44,987 - INFO - Similarity score between chunk and sentence: 0.15629643201828003
2024-09-08 00:56:45,081 - INFO - Similarity score between chunk and sentence: 0.0681963711977005
2024-09-08 00:56:45,177 - INFO - Similarity score between chunk and sentence: 0.06885064393281937
2024-09-08 00:56:45,274 - INFO - Similarity score between chunk and sentence: 0.04783327132463455
2024-09-08 00:56:45,366 - INFO - Similarity score between chunk and sentence: 0.08281558752059937
2024-09-08 00:56:45,469 - INFO - Similarity score between chunk and sentence: 0.013095243833959103
2024-09-08 00:56:45,575 - INFO - Similarity score between chunk and sentence: 0.0040723420679569244
2024-09-08 00:56:45,677 - INFO - Similarity score between chunk and sentence: 0.0820426344871521
2024-09-08 00:56:45,780 - INFO - Similarity score between chunk and sentence: 0.47525081038475037
2024-09-08 00:56:45,883 - INFO - Similarity score between chunk and sentence: 0.12757739424705505
2024-09-08 00:56:45,960 - INFO - Similarity score between chunk and sentence: 0.13192278146743774
2024-09-08 00:56:46,090 - INFO - Similarity score between chunk and sentence: 0.1165778860449791
2024-09-08 00:56:46,212 - INFO - Similarity score between chunk and sentence: 0.10591532289981842
2024-09-08 00:56:46,325 - INFO - Similarity score between chunk and sentence: 0.1339043527841568
2024-09-08 00:56:46,429 - INFO - Similarity score between chunk and sentence: 0.10761508345603943
2024-09-08 00:56:46,526 - INFO - Similarity score between chunk and sentence: 0.132943257689476
2024-09-08 00:56:46,623 - INFO - Similarity score between chunk and sentence: 0.11683846265077591
2024-09-08 00:56:46,825 - INFO - Similarity score between chunk and sentence: 0.05478899925947189
2024-09-08 00:56:47,133 - INFO - Similarity score between chunk and sentence: 0.049338579177856445
2024-09-08 00:56:47,268 - INFO - Similarity score between chunk and sentence: 0.10345757752656937
2024-09-08 00:56:47,391 - INFO - Similarity score between chunk and sentence: 0.13779893517494202
2024-09-08 00:56:47,497 - INFO - Similarity score between chunk and sentence: 0.09484492987394333
2024-09-08 00:56:47,607 - INFO - Similarity score between chunk and sentence: 0.027613896876573563
2024-09-08 00:56:47,739 - INFO - Similarity score between chunk and sentence: -0.006257254630327225
2024-09-08 00:56:47,859 - INFO - Similarity score between chunk and sentence: -0.012603683397173882
2024-09-08 00:56:48,124 - INFO - Similarity score between chunk and sentence: 0.0284378994256258
2024-09-08 00:56:48,408 - INFO - Similarity score between chunk and sentence: 0.6555948257446289
2024-09-08 00:56:48,790 - INFO - Similarity score between chunk and sentence: 0.42930829524993896
2024-09-08 00:56:49,530 - INFO - Similarity score between chunk and sentence: 0.6826932430267334
2024-09-08 00:56:50,173 - INFO - Similarity score between chunk and sentence: 0.22749951481819153
2024-09-08 00:56:50,336 - INFO - Similarity score between chunk and sentence: 0.37324172258377075
2024-09-08 00:56:50,485 - INFO - Similarity score between chunk and sentence: 0.47227486968040466
2024-09-08 00:56:50,582 - INFO - Similarity score between chunk and sentence: 0.16209357976913452
2024-09-08 00:56:50,730 - INFO - Similarity score between chunk and sentence: 0.06366150826215744
2024-09-08 00:56:50,875 - INFO - Similarity score between chunk and sentence: 0.4094161093235016
2024-09-08 00:56:51,002 - INFO - Similarity score between chunk and sentence: 0.21590909361839294
2024-09-08 00:56:51,203 - INFO - Similarity score between chunk and sentence: 0.23056566715240479
2024-09-08 00:56:51,396 - INFO - Similarity score between chunk and sentence: 0.7579206228256226
2024-09-08 00:56:51,645 - INFO - Similarity score between chunk and sentence: -0.05145227164030075
2024-09-08 00:56:51,798 - INFO - Similarity score between chunk and sentence: -0.02143927291035652
2024-09-08 00:56:51,951 - INFO - Similarity score between chunk and sentence: 0.6268463730812073
2024-09-08 00:56:52,084 - INFO - Similarity score between chunk and sentence: 0.018572382628917694
2024-09-08 00:56:52,265 - INFO - Similarity score between chunk and sentence: 0.010465743951499462
2024-09-08 00:56:52,439 - INFO - Similarity score between chunk and sentence: 0.276642382144928
2024-09-08 00:56:52,577 - INFO - Similarity score between chunk and sentence: 0.3068469762802124
2024-09-08 00:56:52,727 - INFO - Similarity score between chunk and sentence: 0.6920421719551086
2024-09-08 00:56:52,870 - INFO - Similarity score between chunk and sentence: 0.021055974066257477
2024-09-08 00:56:53,003 - INFO - Similarity score between chunk and sentence: 0.04196689650416374
2024-09-08 00:56:53,141 - INFO - Similarity score between chunk and sentence: 0.7799761295318604
2024-09-08 00:56:53,398 - INFO - Similarity score between chunk and sentence: -0.02707553654909134
2024-09-08 00:56:53,531 - INFO - Similarity score between chunk and sentence: 0.03182985633611679
2024-09-08 00:56:53,664 - INFO - Similarity score between chunk and sentence: 0.6581323146820068
2024-09-08 00:56:53,794 - INFO - Similarity score between chunk and sentence: 0.3704968988895416
2024-09-08 00:56:53,952 - INFO - Similarity score between chunk and sentence: 0.38051295280456543
2024-09-08 00:56:54,104 - INFO - Similarity score between chunk and sentence: 0.5685899257659912
2024-09-08 00:56:54,261 - INFO - Similarity score between chunk and sentence: 0.33619436621665955
2024-09-08 00:56:54,390 - INFO - Similarity score between chunk and sentence: 0.6938222050666809
2024-09-08 00:56:54,485 - INFO - Similarity score between chunk and sentence: 0.10079767554998398
2024-09-08 00:56:54,654 - INFO - Similarity score between chunk and sentence: -0.026430165395140648
2024-09-08 00:56:54,821 - INFO - Similarity score between chunk and sentence: 0.3758946359157562
2024-09-08 00:56:54,993 - INFO - Similarity score between chunk and sentence: 0.2273719608783722
2024-09-08 00:56:55,151 - INFO - Similarity score between chunk and sentence: 0.4217458665370941
2024-09-08 00:56:55,279 - INFO - Similarity score between chunk and sentence: -0.05170304328203201
2024-09-08 00:56:55,417 - INFO - Similarity score between chunk and sentence: 0.027543313801288605
2024-09-08 00:56:55,545 - INFO - Similarity score between chunk and sentence: 0.030842848122119904
2024-09-08 00:56:55,672 - INFO - Similarity score between chunk and sentence: 0.07013292610645294
2024-09-08 00:56:55,796 - INFO - Similarity score between chunk and sentence: 0.38079991936683655
2024-09-08 00:56:55,938 - INFO - Similarity score between chunk and sentence: 0.38075199723243713
2024-09-08 00:56:56,072 - INFO - Similarity score between chunk and sentence: 0.05973539501428604
2024-09-08 00:56:56,296 - INFO - Similarity score between chunk and sentence: 0.17820104956626892
2024-09-08 00:56:56,512 - INFO - Similarity score between chunk and sentence: 0.6476844549179077
2024-09-08 00:56:56,696 - INFO - Similarity score between chunk and sentence: 0.18613210320472717
2024-09-08 00:56:56,808 - INFO - Similarity score between chunk and sentence: 0.11360007524490356
2024-09-08 00:56:56,946 - INFO - Similarity score between chunk and sentence: 0.23787087202072144
2024-09-08 00:56:57,082 - INFO - Similarity score between chunk and sentence: 0.6394269466400146
2024-09-08 00:56:57,211 - INFO - Similarity score between chunk and sentence: 0.7890580892562866
2024-09-08 00:56:57,385 - INFO - Similarity score between chunk and sentence: 0.3650447130203247
2024-09-08 00:56:57,533 - INFO - Similarity score between chunk and sentence: 0.49474138021469116
2024-09-08 00:56:57,659 - INFO - Similarity score between chunk and sentence: 0.017101874575018883
2024-09-08 00:56:57,847 - INFO - Similarity score between chunk and sentence: 0.07249699532985687
2024-09-08 00:56:58,028 - INFO - Similarity score between chunk and sentence: 0.05775577202439308
2024-09-08 00:56:58,157 - INFO - Similarity score between chunk and sentence: 0.11732195317745209
2024-09-08 00:56:58,278 - INFO - Similarity score between chunk and sentence: 0.6761839389801025
2024-09-08 00:56:58,402 - INFO - Similarity score between chunk and sentence: 0.32102471590042114
2024-09-08 00:56:58,521 - INFO - Similarity score between chunk and sentence: 0.4990764260292053
2024-09-08 00:56:58,654 - INFO - Similarity score between chunk and sentence: 0.45785588026046753
2024-09-08 00:56:58,792 - INFO - Similarity score between chunk and sentence: 0.5609272718429565
2024-09-08 00:56:58,915 - INFO - Similarity score between chunk and sentence: 0.2560204565525055
2024-09-08 00:56:59,047 - INFO - Similarity score between chunk and sentence: 0.4489406943321228
2024-09-08 00:56:59,175 - INFO - Similarity score between chunk and sentence: 0.3444555401802063
2024-09-08 00:56:59,299 - INFO - Similarity score between chunk and sentence: 0.4477524161338806
2024-09-08 00:56:59,452 - INFO - Similarity score between chunk and sentence: 0.24543413519859314
2024-09-08 00:56:59,599 - INFO - Similarity score between chunk and sentence: 0.6853639483451843
2024-09-08 00:56:59,766 - INFO - Similarity score between chunk and sentence: 0.3842540383338928
2024-09-08 00:56:59,947 - INFO - Similarity score between chunk and sentence: 0.5162031650543213
2024-09-08 00:57:00,112 - INFO - Similarity score between chunk and sentence: 0.08365394175052643
2024-09-08 00:57:00,493 - INFO - Similarity score between chunk and sentence: 0.10554446280002594
2024-09-08 00:57:00,642 - INFO - Similarity score between chunk and sentence: 0.444791704416275
2024-09-08 00:57:00,763 - INFO - Similarity score between chunk and sentence: 0.1495981514453888
2024-09-08 00:57:00,901 - INFO - Similarity score between chunk and sentence: 0.013140495866537094
2024-09-08 00:57:01,041 - INFO - Similarity score between chunk and sentence: 0.6320865750312805
2024-09-08 00:57:01,182 - INFO - Similarity score between chunk and sentence: 0.4523102641105652
2024-09-08 00:57:01,310 - INFO - Similarity score between chunk and sentence: 0.03027258813381195
2024-09-08 00:57:01,451 - INFO - Similarity score between chunk and sentence: 0.11635586619377136
2024-09-08 00:57:01,585 - INFO - Similarity score between chunk and sentence: 0.6711438894271851
2024-09-08 00:57:01,713 - INFO - Similarity score between chunk and sentence: 0.3352496325969696
2024-09-08 00:57:01,820 - INFO - Similarity score between chunk and sentence: 0.5972921848297119
2024-09-08 00:57:01,998 - INFO - Similarity score between chunk and sentence: 0.280090868473053
2024-09-08 00:57:02,175 - INFO - Similarity score between chunk and sentence: 0.6242959499359131
2024-09-08 00:57:02,309 - INFO - Similarity score between chunk and sentence: -0.02114320732653141
2024-09-08 00:57:02,432 - INFO - Similarity score between chunk and sentence: -0.06350512057542801
2024-09-08 00:57:02,559 - INFO - Similarity score between chunk and sentence: 0.39232420921325684
2024-09-08 00:57:02,676 - INFO - Similarity score between chunk and sentence: 0.06880027055740356
2024-09-08 00:57:02,796 - INFO - Similarity score between chunk and sentence: 0.05048612505197525
2024-09-08 00:57:02,944 - INFO - Similarity score between chunk and sentence: 0.03546839579939842
2024-09-08 00:57:03,080 - INFO - Similarity score between chunk and sentence: 0.02790011465549469
2024-09-08 00:57:03,211 - INFO - Similarity score between chunk and sentence: 0.018683847039937973
2024-09-08 00:57:03,350 - INFO - Similarity score between chunk and sentence: 0.048112113028764725
2024-09-08 00:57:03,485 - INFO - Similarity score between chunk and sentence: 0.03862076997756958
2024-09-08 00:57:03,612 - INFO - Similarity score between chunk and sentence: 0.0477057546377182
2024-09-08 00:57:03,736 - INFO - Similarity score between chunk and sentence: 0.12391618639230728
2024-09-08 00:57:03,859 - INFO - Similarity score between chunk and sentence: 0.3605831265449524
2024-09-08 00:57:03,980 - INFO - Similarity score between chunk and sentence: 0.47640925645828247
2024-09-08 00:57:04,081 - INFO - Similarity score between chunk and sentence: 0.458235502243042
2024-09-08 00:57:04,421 - INFO - Similarity score between chunk and sentence: 0.6219314932823181
2024-09-08 00:57:04,593 - INFO - Similarity score between chunk and sentence: 0.3247843384742737
2024-09-08 00:57:04,734 - INFO - Similarity score between chunk and sentence: 0.3001725673675537
2024-09-08 00:57:04,893 - INFO - Similarity score between chunk and sentence: 0.4774631857872009
2024-09-08 00:57:05,065 - INFO - Similarity score between chunk and sentence: 0.4372103214263916
2024-09-08 00:57:05,244 - INFO - Similarity score between chunk and sentence: 0.355747252702713
2024-09-08 00:57:05,414 - INFO - Similarity score between chunk and sentence: 0.3290003836154938
2024-09-08 00:57:05,578 - INFO - Similarity score between chunk and sentence: 0.06602922081947327
2024-09-08 00:57:05,753 - INFO - Similarity score between chunk and sentence: 0.10926254838705063
2024-09-08 00:57:05,905 - INFO - Similarity score between chunk and sentence: 0.5321417450904846
2024-09-08 00:57:06,036 - INFO - Similarity score between chunk and sentence: 0.03727947175502777
2024-09-08 00:57:06,312 - INFO - Similarity score between chunk and sentence: 0.04327603057026863
2024-09-08 00:57:06,505 - INFO - Similarity score between chunk and sentence: 0.8015715479850769
2024-09-08 00:57:06,722 - INFO - Similarity score between chunk and sentence: 0.3501998782157898
2024-09-08 00:57:06,881 - INFO - Similarity score between chunk and sentence: 0.45401254296302795
2024-09-08 00:57:07,039 - INFO - Similarity score between chunk and sentence: 0.17518767714500427
2024-09-08 00:57:07,233 - INFO - Similarity score between chunk and sentence: 0.22859200835227966
2024-09-08 00:57:07,418 - INFO - Similarity score between chunk and sentence: 0.532085657119751
2024-09-08 00:57:07,576 - INFO - Similarity score between chunk and sentence: 0.0051849614828825
2024-09-08 00:57:07,734 - INFO - Similarity score between chunk and sentence: 0.07636537402868271
2024-09-08 00:57:07,886 - INFO - Similarity score between chunk and sentence: 0.5786809325218201
2024-09-08 00:57:08,031 - INFO - Similarity score between chunk and sentence: 0.002780752256512642
2024-09-08 00:57:08,212 - INFO - Similarity score between chunk and sentence: 0.0740172266960144
2024-09-08 00:57:08,419 - INFO - Similarity score between chunk and sentence: 0.3979988992214203
2024-09-08 00:57:08,780 - INFO - Similarity score between chunk and sentence: 0.3218953013420105
2024-09-08 00:57:08,977 - INFO - Similarity score between chunk and sentence: 0.630943775177002
2024-09-08 00:57:09,135 - INFO - Similarity score between chunk and sentence: 0.04307001084089279
2024-09-08 00:57:09,315 - INFO - Similarity score between chunk and sentence: 0.07999548316001892
2024-09-08 00:57:09,497 - INFO - Similarity score between chunk and sentence: 0.47503548860549927
2024-09-08 00:57:09,641 - INFO - Similarity score between chunk and sentence: 0.03236933797597885
2024-09-08 00:57:09,811 - INFO - Similarity score between chunk and sentence: -0.029486464336514473
2024-09-08 00:57:09,975 - INFO - Similarity score between chunk and sentence: 0.5946944355964661
2024-09-08 00:57:10,119 - INFO - Similarity score between chunk and sentence: 0.007882856763899326
2024-09-08 00:57:10,292 - INFO - Similarity score between chunk and sentence: 0.022007174789905548
2024-09-08 00:57:10,460 - INFO - Similarity score between chunk and sentence: 0.6572278141975403
2024-09-08 00:57:10,617 - INFO - Similarity score between chunk and sentence: 0.0231205802410841
2024-09-08 00:57:10,782 - INFO - Similarity score between chunk and sentence: 0.006878877989947796
2024-09-08 00:57:10,943 - INFO - Similarity score between chunk and sentence: 0.4203587770462036
2024-09-08 00:57:11,104 - INFO - Similarity score between chunk and sentence: 0.045423880219459534
2024-09-08 00:57:11,282 - INFO - Similarity score between chunk and sentence: 0.017258036881685257
2024-09-08 00:57:11,462 - INFO - Similarity score between chunk and sentence: 0.43475404381752014
2024-09-08 00:57:11,613 - INFO - Similarity score between chunk and sentence: 0.08470061421394348
2024-09-08 00:57:11,776 - INFO - Similarity score between chunk and sentence: 0.06759766489267349
2024-09-08 00:57:11,924 - INFO - Similarity score between chunk and sentence: 0.44035497307777405
2024-09-08 00:57:12,067 - INFO - Similarity score between chunk and sentence: 0.08609625697135925
2024-09-08 00:57:12,225 - INFO - Similarity score between chunk and sentence: 0.08391368389129639
2024-09-08 00:57:12,389 - INFO - Similarity score between chunk and sentence: 0.5420172214508057
2024-09-08 00:57:12,549 - INFO - Similarity score between chunk and sentence: 0.3774135708808899
2024-09-08 00:57:12,699 - INFO - Similarity score between chunk and sentence: 0.5984451770782471
2024-09-08 00:57:12,834 - INFO - Similarity score between chunk and sentence: 0.525223970413208
2024-09-08 00:57:12,970 - INFO - Similarity score between chunk and sentence: 0.43648576736450195
2024-09-08 00:57:13,075 - INFO - Similarity score between chunk and sentence: 0.10400136560201645
2024-09-08 00:57:13,204 - INFO - Similarity score between chunk and sentence: 0.1070258691906929
2024-09-08 00:57:13,331 - INFO - Similarity score between chunk and sentence: 0.28436478972435
2024-09-08 00:57:13,462 - INFO - Similarity score between chunk and sentence: 0.3191230595111847
2024-09-08 00:57:13,644 - INFO - Similarity score between chunk and sentence: 0.09670190513134003
2024-09-08 00:57:13,785 - INFO - Similarity score between chunk and sentence: 0.026720400899648666
2024-09-08 00:57:13,931 - INFO - Similarity score between chunk and sentence: 0.4380773901939392
2024-09-08 00:57:14,048 - INFO - Similarity score between chunk and sentence: 0.12538330256938934
2024-09-08 00:57:14,181 - INFO - Similarity score between chunk and sentence: 0.06595447659492493
2024-09-08 00:57:14,314 - INFO - Similarity score between chunk and sentence: 0.5638697147369385
2024-09-08 00:57:14,440 - INFO - Similarity score between chunk and sentence: 0.1076006069779396
2024-09-08 00:57:14,590 - INFO - Similarity score between chunk and sentence: 0.07281346619129181
2024-09-08 00:57:14,731 - INFO - Similarity score between chunk and sentence: 0.3924296498298645
2024-09-08 00:57:14,855 - INFO - Similarity score between chunk and sentence: 0.42042672634124756
2024-09-08 00:57:14,975 - INFO - Similarity score between chunk and sentence: 0.14196881651878357
2024-09-08 00:57:15,152 - INFO - Similarity score between chunk and sentence: 0.04807545989751816
2024-09-08 00:57:15,343 - INFO - Similarity score between chunk and sentence: 0.6364262104034424
2024-09-08 00:57:15,522 - INFO - Similarity score between chunk and sentence: 0.2476719617843628
2024-09-08 00:57:16,010 - INFO - Similarity score between chunk and sentence: 0.3460109531879425
2024-09-08 00:57:16,502 - INFO - Similarity score between chunk and sentence: 0.4357037842273712
2024-09-08 00:57:16,690 - INFO - Similarity score between chunk and sentence: 0.5119805932044983
2024-09-08 00:57:16,869 - INFO - Similarity score between chunk and sentence: -0.041409462690353394
2024-09-08 00:57:17,041 - INFO - Similarity score between chunk and sentence: 0.015560700558125973
2024-09-08 00:57:17,214 - INFO - Similarity score between chunk and sentence: 0.011496287770569324
2024-09-08 00:57:17,389 - INFO - Similarity score between chunk and sentence: -0.04364130645990372
2024-09-08 00:57:17,568 - INFO - Similarity score between chunk and sentence: -0.04813574254512787
2024-09-08 00:57:17,727 - INFO - Similarity score between chunk and sentence: -0.0045305173844099045
2024-09-08 00:57:17,887 - INFO - Similarity score between chunk and sentence: 0.216668039560318
2024-09-08 00:57:18,086 - INFO - Similarity score between chunk and sentence: 0.22624224424362183
2024-09-08 00:57:18,285 - INFO - Similarity score between chunk and sentence: 0.06755370646715164
2024-09-08 00:57:18,443 - INFO - Similarity score between chunk and sentence: 0.052937403321266174
2024-09-08 00:57:18,604 - INFO - Similarity score between chunk and sentence: 0.05166749656200409
2024-09-08 00:57:18,752 - INFO - Similarity score between chunk and sentence: 0.29982811212539673
2024-09-08 00:57:18,898 - INFO - Similarity score between chunk and sentence: -0.04658547043800354
2024-09-08 00:57:19,037 - INFO - Similarity score between chunk and sentence: -0.04758032411336899
2024-09-08 00:57:19,250 - INFO - Similarity score between chunk and sentence: 0.04138050228357315
2024-09-08 00:57:19,250 - INFO - 209 chunks created.
2024-09-08 00:57:19,341 - INFO - Chunks saved as .txt file at output\FAQ - Finance for Growth course.docx_chunked.txt
2024-09-08 00:57:19,342 - INFO - Chunks saved as .json file at output\FAQ - Finance for Growth course.docx_chunked.json
2024-09-08 00:57:19,344 - INFO - Chunks saved as .csv file at output\FAQ - Finance for Growth course.docx_chunked.csv
2024-09-08 00:57:19,344 - INFO - Chunking and saving completed for FAQ - Finance for Growth course.docx.pdf
2024-09-08 00:57:19,346 - INFO - Processing Finance for Growth coursework.docx.pdf
2024-09-08 00:57:21,906 - INFO - Load pretrained SentenceTransformer: sentence-transformers/all-mpnet-base-v2
2024-09-08 00:57:22,148 - INFO - Use pytorch device: cpu
2024-09-08 00:57:22,159 - INFO - Document split into 248 sentences.
2024-09-08 00:57:22,392 - INFO - Similarity score between chunk and sentence: 0.4595184624195099
2024-09-08 00:57:22,553 - INFO - Similarity score between chunk and sentence: 0.3747997283935547
2024-09-08 00:57:22,724 - INFO - Similarity score between chunk and sentence: 0.47706615924835205
2024-09-08 00:57:23,225 - INFO - Similarity score between chunk and sentence: 0.6321086287498474
2024-09-08 00:57:23,545 - INFO - Similarity score between chunk and sentence: 0.3827425241470337
2024-09-08 00:57:23,739 - INFO - Similarity score between chunk and sentence: 0.43872302770614624
2024-09-08 00:57:23,868 - INFO - Similarity score between chunk and sentence: 0.41830921173095703
2024-09-08 00:57:23,962 - INFO - Similarity score between chunk and sentence: 0.5317993760108948
2024-09-08 00:57:24,048 - INFO - Similarity score between chunk and sentence: 0.3520019054412842
2024-09-08 00:57:24,173 - INFO - Similarity score between chunk and sentence: 0.29457029700279236
2024-09-08 00:57:24,489 - INFO - Similarity score between chunk and sentence: 0.7640172243118286
2024-09-08 00:57:24,853 - INFO - Similarity score between chunk and sentence: 0.5680261850357056
2024-09-08 00:57:25,023 - INFO - Similarity score between chunk and sentence: 0.5474941730499268
2024-09-08 00:57:25,197 - INFO - Similarity score between chunk and sentence: 0.38275277614593506
2024-09-08 00:57:25,339 - INFO - Similarity score between chunk and sentence: 0.4138011336326599
2024-09-08 00:57:25,496 - INFO - Similarity score between chunk and sentence: 0.5989404916763306
2024-09-08 00:57:25,661 - INFO - Similarity score between chunk and sentence: 0.45128071308135986
2024-09-08 00:57:25,814 - INFO - Similarity score between chunk and sentence: 0.501622200012207
2024-09-08 00:57:25,970 - INFO - Similarity score between chunk and sentence: 0.49381154775619507
2024-09-08 00:57:26,118 - INFO - Similarity score between chunk and sentence: 0.2868420481681824
2024-09-08 00:57:26,215 - INFO - Similarity score between chunk and sentence: 0.5453202724456787
2024-09-08 00:57:26,327 - INFO - Similarity score between chunk and sentence: 0.32763198018074036
2024-09-08 00:57:26,453 - INFO - Similarity score between chunk and sentence: 0.3860591650009155
2024-09-08 00:57:26,606 - INFO - Similarity score between chunk and sentence: 0.1527101993560791
2024-09-08 00:57:27,126 - INFO - Similarity score between chunk and sentence: 0.33848124742507935
2024-09-08 00:57:27,631 - INFO - Similarity score between chunk and sentence: 0.4202808737754822
2024-09-08 00:57:27,771 - INFO - Similarity score between chunk and sentence: 0.46328139305114746
2024-09-08 00:57:27,988 - INFO - Similarity score between chunk and sentence: 0.3931043744087219
2024-09-08 00:57:28,199 - INFO - Similarity score between chunk and sentence: 0.3546870946884155
2024-09-08 00:57:28,420 - INFO - Similarity score between chunk and sentence: 0.3888525366783142
2024-09-08 00:57:28,575 - INFO - Similarity score between chunk and sentence: 0.22569160163402557
2024-09-08 00:57:28,737 - INFO - Similarity score between chunk and sentence: 0.3884892463684082
2024-09-08 00:57:28,876 - INFO - Similarity score between chunk and sentence: 0.3700340986251831
2024-09-08 00:57:29,010 - INFO - Similarity score between chunk and sentence: 0.4930040240287781
2024-09-08 00:57:29,179 - INFO - Similarity score between chunk and sentence: 0.10034072399139404
2024-09-08 00:57:29,350 - INFO - Similarity score between chunk and sentence: 0.3417760729789734
2024-09-08 00:57:30,276 - INFO - Similarity score between chunk and sentence: 0.36873650550842285
2024-09-08 00:57:31,143 - INFO - Similarity score between chunk and sentence: 0.5363368988037109
2024-09-08 00:57:31,272 - INFO - Similarity score between chunk and sentence: 0.7717679738998413
2024-09-08 00:57:31,445 - INFO - Similarity score between chunk and sentence: 0.2585417628288269
2024-09-08 00:57:31,805 - INFO - Similarity score between chunk and sentence: 0.689186155796051
2024-09-08 00:57:32,191 - INFO - Similarity score between chunk and sentence: 0.6535277366638184
2024-09-08 00:57:32,583 - INFO - Similarity score between chunk and sentence: 0.775707483291626
2024-09-08 00:57:33,228 - INFO - Similarity score between chunk and sentence: 0.7083065509796143
2024-09-08 00:57:33,449 - INFO - Similarity score between chunk and sentence: 0.8035902976989746
2024-09-08 00:57:33,800 - INFO - Similarity score between chunk and sentence: 0.20643261075019836
2024-09-08 00:57:34,047 - INFO - Similarity score between chunk and sentence: 0.3975602090358734
2024-09-08 00:57:34,161 - INFO - Similarity score between chunk and sentence: 0.35054993629455566
2024-09-08 00:57:34,265 - INFO - Similarity score between chunk and sentence: 0.24304232001304626
2024-09-08 00:57:34,450 - INFO - Similarity score between chunk and sentence: 0.5318518877029419
2024-09-08 00:57:34,637 - INFO - Similarity score between chunk and sentence: 0.594048798084259
2024-09-08 00:57:35,113 - INFO - Similarity score between chunk and sentence: 0.5227336883544922
2024-09-08 00:57:35,621 - INFO - Similarity score between chunk and sentence: 0.4128967523574829
2024-09-08 00:57:36,117 - INFO - Similarity score between chunk and sentence: 0.5632984042167664
2024-09-08 00:57:36,261 - INFO - Similarity score between chunk and sentence: 0.3948701024055481
2024-09-08 00:57:36,415 - INFO - Similarity score between chunk and sentence: 0.6323927640914917
2024-09-08 00:57:36,566 - INFO - Similarity score between chunk and sentence: 0.45585116744041443
2024-09-08 00:57:36,715 - INFO - Similarity score between chunk and sentence: 0.17279569804668427
2024-09-08 00:57:36,861 - INFO - Similarity score between chunk and sentence: 0.4436737895011902
2024-09-08 00:57:36,985 - INFO - Similarity score between chunk and sentence: 0.4293938875198364
2024-09-08 00:57:37,107 - INFO - Similarity score between chunk and sentence: 0.41909995675086975
2024-09-08 00:57:37,276 - INFO - Similarity score between chunk and sentence: 0.18439969420433044
2024-09-08 00:57:37,444 - INFO - Similarity score between chunk and sentence: 0.5065736174583435
2024-09-08 00:57:37,591 - INFO - Similarity score between chunk and sentence: 0.18389610946178436
2024-09-08 00:57:37,734 - INFO - Similarity score between chunk and sentence: 0.3232690095901489
2024-09-08 00:57:37,886 - INFO - Similarity score between chunk and sentence: 0.32977163791656494
2024-09-08 00:57:38,347 - INFO - Similarity score between chunk and sentence: 0.5455541610717773
2024-09-08 00:57:38,890 - INFO - Similarity score between chunk and sentence: 0.7483478784561157
2024-09-08 00:57:39,402 - INFO - Similarity score between chunk and sentence: 0.5996573567390442
2024-09-08 00:57:39,541 - INFO - Similarity score between chunk and sentence: 0.7811470031738281
2024-09-08 00:57:39,721 - INFO - Similarity score between chunk and sentence: 0.6421670913696289
2024-09-08 00:57:39,997 - INFO - Similarity score between chunk and sentence: 0.6540185213088989
2024-09-08 00:57:40,270 - INFO - Similarity score between chunk and sentence: 0.39810121059417725
2024-09-08 00:57:40,389 - INFO - Similarity score between chunk and sentence: 0.30475008487701416
2024-09-08 00:57:40,628 - INFO - Similarity score between chunk and sentence: 0.20438766479492188
2024-09-08 00:57:40,868 - INFO - Similarity score between chunk and sentence: 0.5795919895172119
2024-09-08 00:57:41,054 - INFO - Similarity score between chunk and sentence: 0.7801977396011353
2024-09-08 00:57:41,321 - INFO - Similarity score between chunk and sentence: 0.7837026119232178
2024-09-08 00:57:41,686 - INFO - Similarity score between chunk and sentence: 0.7095624208450317
2024-09-08 00:57:41,878 - INFO - Similarity score between chunk and sentence: 0.7081646919250488
2024-09-08 00:57:42,069 - INFO - Similarity score between chunk and sentence: 0.6065933704376221
2024-09-08 00:57:42,325 - INFO - Similarity score between chunk and sentence: 0.4562954902648926
2024-09-08 00:57:42,573 - INFO - Similarity score between chunk and sentence: 0.622934103012085
2024-09-08 00:57:42,714 - INFO - Similarity score between chunk and sentence: 0.3668026924133301
2024-09-08 00:57:42,890 - INFO - Similarity score between chunk and sentence: 0.5223672986030579
2024-09-08 00:57:43,066 - INFO - Similarity score between chunk and sentence: 0.5203331708908081
2024-09-08 00:57:43,245 - INFO - Similarity score between chunk and sentence: 0.2835230827331543
2024-09-08 00:57:43,421 - INFO - Similarity score between chunk and sentence: 0.5212174654006958
2024-09-08 00:57:43,549 - INFO - Similarity score between chunk and sentence: 0.5229867100715637
2024-09-08 00:57:43,679 - INFO - Similarity score between chunk and sentence: 0.3852335810661316
2024-09-08 00:57:43,858 - INFO - Similarity score between chunk and sentence: 0.43902575969696045
2024-09-08 00:57:44,032 - INFO - Similarity score between chunk and sentence: 0.21305973827838898
2024-09-08 00:57:45,321 - INFO - Similarity score between chunk and sentence: 0.5790780782699585
2024-09-08 00:57:46,502 - INFO - Similarity score between chunk and sentence: 0.5780445337295532
2024-09-08 00:57:47,112 - INFO - Similarity score between chunk and sentence: 0.6793667674064636
2024-09-08 00:57:48,267 - INFO - Similarity score between chunk and sentence: 0.7448304891586304
2024-09-08 00:57:49,417 - INFO - Similarity score between chunk and sentence: 0.7085198163986206
2024-09-08 00:57:49,642 - INFO - Similarity score between chunk and sentence: 0.3437778055667877
2024-09-08 00:57:49,872 - INFO - Similarity score between chunk and sentence: 0.5687004327774048
2024-09-08 00:57:50,034 - INFO - Similarity score between chunk and sentence: 0.621131420135498
2024-09-08 00:57:50,192 - INFO - Similarity score between chunk and sentence: 0.5365054607391357
2024-09-08 00:57:50,331 - INFO - Similarity score between chunk and sentence: 0.6178621053695679
2024-09-08 00:57:50,457 - INFO - Similarity score between chunk and sentence: 0.5745153427124023
2024-09-08 00:57:50,586 - INFO - Similarity score between chunk and sentence: 0.6035477519035339
2024-09-08 00:57:50,720 - INFO - Similarity score between chunk and sentence: 0.28882861137390137
2024-09-08 00:57:50,850 - INFO - Similarity score between chunk and sentence: 0.6090736985206604
2024-09-08 00:57:51,217 - INFO - Similarity score between chunk and sentence: 0.5344805717468262
2024-09-08 00:57:51,597 - INFO - Similarity score between chunk and sentence: 0.6810873746871948
2024-09-08 00:57:51,795 - INFO - Similarity score between chunk and sentence: 0.38858625292778015
2024-09-08 00:57:51,919 - INFO - Similarity score between chunk and sentence: 0.4643992781639099
2024-09-08 00:57:52,039 - INFO - Similarity score between chunk and sentence: 0.4767594337463379
2024-09-08 00:57:52,163 - INFO - Similarity score between chunk and sentence: 0.24930569529533386
2024-09-08 00:57:52,297 - INFO - Similarity score between chunk and sentence: 0.3594892919063568
2024-09-08 00:57:52,417 - INFO - Similarity score between chunk and sentence: 0.313595175743103
2024-09-08 00:57:52,546 - INFO - Similarity score between chunk and sentence: 0.554088830947876
2024-09-08 00:57:52,819 - INFO - Similarity score between chunk and sentence: 0.6183731555938721
2024-09-08 00:57:53,098 - INFO - Similarity score between chunk and sentence: 0.3879583775997162
2024-09-08 00:57:53,219 - INFO - Similarity score between chunk and sentence: 0.4554107189178467
2024-09-08 00:57:53,303 - INFO - Similarity score between chunk and sentence: 0.057979900389909744
2024-09-08 00:57:53,444 - INFO - Similarity score between chunk and sentence: 0.054808832705020905
2024-09-08 00:57:53,880 - INFO - Similarity score between chunk and sentence: 0.6911554336547852
2024-09-08 00:57:54,036 - INFO - Similarity score between chunk and sentence: -0.0006652828305959702
2024-09-08 00:57:54,183 - INFO - Similarity score between chunk and sentence: 0.0018834760412573814
2024-09-08 00:57:54,329 - INFO - Similarity score between chunk and sentence: 0.17847639322280884
2024-09-08 00:57:54,479 - INFO - Similarity score between chunk and sentence: 0.09186701476573944
2024-09-08 00:57:54,630 - INFO - Similarity score between chunk and sentence: 0.5319024324417114
2024-09-08 00:57:54,771 - INFO - Similarity score between chunk and sentence: 0.29118943214416504
2024-09-08 00:57:54,908 - INFO - Similarity score between chunk and sentence: 0.3041457533836365
2024-09-08 00:57:55,046 - INFO - Similarity score between chunk and sentence: -0.0064896829426288605
2024-09-08 00:57:55,204 - INFO - Similarity score between chunk and sentence: 0.06292478740215302
2024-09-08 00:57:55,360 - INFO - Similarity score between chunk and sentence: 0.3766041398048401
2024-09-08 00:57:55,704 - INFO - Similarity score between chunk and sentence: 0.45901185274124146
2024-09-08 00:57:56,045 - INFO - Similarity score between chunk and sentence: 0.5425395369529724
2024-09-08 00:57:56,297 - INFO - Similarity score between chunk and sentence: 0.6446913480758667
2024-09-08 00:57:56,542 - INFO - Similarity score between chunk and sentence: 0.7282413244247437
2024-09-08 00:57:56,789 - INFO - Similarity score between chunk and sentence: 0.7603305578231812
2024-09-08 00:57:57,242 - INFO - Similarity score between chunk and sentence: 0.7660641670227051
2024-09-08 00:57:58,100 - INFO - Similarity score between chunk and sentence: 0.5498335361480713
2024-09-08 00:57:58,265 - INFO - Similarity score between chunk and sentence: 0.679360032081604
2024-09-08 00:57:58,407 - INFO - Similarity score between chunk and sentence: 0.518240213394165
2024-09-08 00:57:58,567 - INFO - Similarity score between chunk and sentence: 0.2452995777130127
2024-09-08 00:57:58,726 - INFO - Similarity score between chunk and sentence: 0.3195798397064209
2024-09-08 00:57:58,902 - INFO - Similarity score between chunk and sentence: 0.04050106555223465
2024-09-08 00:57:59,076 - INFO - Similarity score between chunk and sentence: 0.5486418008804321
2024-09-08 00:57:59,213 - INFO - Similarity score between chunk and sentence: 0.3950052857398987
2024-09-08 00:57:59,327 - INFO - Similarity score between chunk and sentence: 0.5115248560905457
2024-09-08 00:57:59,472 - INFO - Similarity score between chunk and sentence: 0.42278605699539185
2024-09-08 00:57:59,619 - INFO - Similarity score between chunk and sentence: 0.6574360132217407
2024-09-08 00:57:59,775 - INFO - Similarity score between chunk and sentence: 0.6198685765266418
2024-09-08 00:57:59,934 - INFO - Similarity score between chunk and sentence: 0.3920847177505493
2024-09-08 00:58:00,101 - INFO - Similarity score between chunk and sentence: 0.4159277677536011
2024-09-08 00:58:00,265 - INFO - Similarity score between chunk and sentence: 0.5003743171691895
2024-09-08 00:58:00,429 - INFO - Similarity score between chunk and sentence: 0.5467560291290283
2024-09-08 00:58:00,568 - INFO - Similarity score between chunk and sentence: 0.6270943880081177
2024-09-08 00:58:00,713 - INFO - Similarity score between chunk and sentence: 0.6386736035346985
2024-09-08 00:58:00,859 - INFO - Similarity score between chunk and sentence: 0.48933732509613037
2024-09-08 00:58:01,003 - INFO - Similarity score between chunk and sentence: 0.2597472667694092
2024-09-08 00:58:01,140 - INFO - Similarity score between chunk and sentence: 0.3133563995361328
2024-09-08 00:58:01,273 - INFO - Similarity score between chunk and sentence: 0.5250769257545471
2024-09-08 00:58:01,460 - INFO - Similarity score between chunk and sentence: 0.4700130224227905
2024-09-08 00:58:01,698 - INFO - Similarity score between chunk and sentence: 0.37258976697921753
2024-09-08 00:58:02,089 - INFO - Similarity score between chunk and sentence: 0.6935979723930359
2024-09-08 00:58:02,259 - INFO - Similarity score between chunk and sentence: 0.38349735736846924
2024-09-08 00:58:02,450 - INFO - Similarity score between chunk and sentence: 0.33400285243988037
2024-09-08 00:58:02,643 - INFO - Similarity score between chunk and sentence: 0.24756383895874023
2024-09-08 00:58:02,753 - INFO - Similarity score between chunk and sentence: 0.25584661960601807
2024-09-08 00:58:02,905 - INFO - Similarity score between chunk and sentence: 0.18001088500022888
2024-09-08 00:58:03,059 - INFO - Similarity score between chunk and sentence: 0.4496655762195587
2024-09-08 00:58:03,170 - INFO - Similarity score between chunk and sentence: 0.34078311920166016
2024-09-08 00:58:03,334 - INFO - Similarity score between chunk and sentence: 0.29536712169647217
2024-09-08 00:58:03,498 - INFO - Similarity score between chunk and sentence: 0.46233507990837097
2024-09-08 00:58:03,681 - INFO - Similarity score between chunk and sentence: 0.3759671449661255
2024-09-08 00:58:03,866 - INFO - Similarity score between chunk and sentence: 0.31184884905815125
2024-09-08 00:58:03,995 - INFO - Similarity score between chunk and sentence: 0.4648357033729553
2024-09-08 00:58:04,140 - INFO - Similarity score between chunk and sentence: 0.37646687030792236
2024-09-08 00:58:04,282 - INFO - Similarity score between chunk and sentence: 0.40900248289108276
2024-09-08 00:58:04,461 - INFO - Similarity score between chunk and sentence: 0.12401361763477325
2024-09-08 00:58:04,638 - INFO - Similarity score between chunk and sentence: 0.6964095830917358
2024-09-08 00:58:04,779 - INFO - Similarity score between chunk and sentence: 0.4860190749168396
2024-09-08 00:58:04,915 - INFO - Similarity score between chunk and sentence: 0.41093629598617554
2024-09-08 00:58:05,044 - INFO - Similarity score between chunk and sentence: 0.6039643287658691
2024-09-08 00:58:05,186 - INFO - Similarity score between chunk and sentence: 0.43563777208328247
2024-09-08 00:58:05,356 - INFO - Similarity score between chunk and sentence: 0.7176077961921692
2024-09-08 00:58:05,853 - INFO - Similarity score between chunk and sentence: 0.26451098918914795
2024-09-08 00:58:06,441 - INFO - Similarity score between chunk and sentence: 0.5237343311309814
2024-09-08 00:58:06,777 - INFO - Similarity score between chunk and sentence: 0.6451588869094849
2024-09-08 00:58:07,178 - INFO - Similarity score between chunk and sentence: 0.48438745737075806
2024-09-08 00:58:07,599 - INFO - Similarity score between chunk and sentence: 0.33501559495925903
2024-09-08 00:58:07,692 - INFO - Similarity score between chunk and sentence: 0.42313528060913086
2024-09-08 00:58:07,790 - INFO - Similarity score between chunk and sentence: 0.51578289270401
2024-09-08 00:58:07,973 - INFO - Similarity score between chunk and sentence: 0.47590088844299316
2024-09-08 00:58:08,142 - INFO - Similarity score between chunk and sentence: 0.3259594440460205
2024-09-08 00:58:08,258 - INFO - Similarity score between chunk and sentence: 0.6603411436080933
2024-09-08 00:58:08,434 - INFO - Similarity score between chunk and sentence: 0.36419329047203064
2024-09-08 00:58:08,642 - INFO - Similarity score between chunk and sentence: 0.36779090762138367
2024-09-08 00:58:08,819 - INFO - Similarity score between chunk and sentence: 0.688875675201416
2024-09-08 00:58:09,037 - INFO - Similarity score between chunk and sentence: 0.45702147483825684
2024-09-08 00:58:09,228 - INFO - Similarity score between chunk and sentence: 0.6054202318191528
2024-09-08 00:58:09,358 - INFO - Similarity score between chunk and sentence: 0.5370584726333618
2024-09-08 00:58:09,488 - INFO - Similarity score between chunk and sentence: 0.18714967370033264
2024-09-08 00:58:09,605 - INFO - Similarity score between chunk and sentence: 0.20777159929275513
2024-09-08 00:58:09,872 - INFO - Similarity score between chunk and sentence: 0.31007900834083557
2024-09-08 00:58:10,009 - INFO - Similarity score between chunk and sentence: 0.398998498916626
2024-09-08 00:58:10,165 - INFO - Similarity score between chunk and sentence: 0.32504433393478394
2024-09-08 00:58:10,337 - INFO - Similarity score between chunk and sentence: 0.37323009967803955
2024-09-08 00:58:10,427 - INFO - Similarity score between chunk and sentence: 0.23245015740394592
2024-09-08 00:58:10,529 - INFO - Similarity score between chunk and sentence: 0.5303711891174316
2024-09-08 00:58:10,681 - INFO - Similarity score between chunk and sentence: 0.47633737325668335
2024-09-08 00:58:10,837 - INFO - Similarity score between chunk and sentence: 0.5089015960693359
2024-09-08 00:58:10,929 - INFO - Similarity score between chunk and sentence: 0.236207976937294
2024-09-08 00:58:11,037 - INFO - Similarity score between chunk and sentence: 0.4664074182510376
2024-09-08 00:58:11,127 - INFO - Similarity score between chunk and sentence: 0.08210106194019318
2024-09-08 00:58:11,248 - INFO - Similarity score between chunk and sentence: -0.0927390530705452
2024-09-08 00:58:11,376 - INFO - Similarity score between chunk and sentence: -0.06273271143436432
2024-09-08 00:58:11,463 - INFO - Similarity score between chunk and sentence: 0.03415384888648987
2024-09-08 00:58:11,594 - INFO - Similarity score between chunk and sentence: 0.13299345970153809
2024-09-08 00:58:11,714 - INFO - Similarity score between chunk and sentence: 0.3522476553916931
2024-09-08 00:58:11,851 - INFO - Similarity score between chunk and sentence: 0.32520854473114014
2024-09-08 00:58:11,962 - INFO - Similarity score between chunk and sentence: 0.26156070828437805
2024-09-08 00:58:12,085 - INFO - Similarity score between chunk and sentence: 0.1275782287120819
2024-09-08 00:58:12,236 - INFO - Similarity score between chunk and sentence: 0.0801859050989151
2024-09-08 00:58:12,399 - INFO - Similarity score between chunk and sentence: 0.4294437766075134
2024-09-08 00:58:12,516 - INFO - Similarity score between chunk and sentence: 0.3312322497367859
2024-09-08 00:58:12,663 - INFO - Similarity score between chunk and sentence: 0.3043428659439087
2024-09-08 00:58:12,801 - INFO - Similarity score between chunk and sentence: 0.3457830250263214
2024-09-08 00:58:12,937 - INFO - Similarity score between chunk and sentence: 0.32842108607292175
2024-09-08 00:58:13,078 - INFO - Similarity score between chunk and sentence: 0.35391780734062195
2024-09-08 00:58:13,248 - INFO - Similarity score between chunk and sentence: 0.3565687835216522
2024-09-08 00:58:13,414 - INFO - Similarity score between chunk and sentence: 0.40728914737701416
2024-09-08 00:58:13,780 - INFO - Similarity score between chunk and sentence: 0.5150113701820374
2024-09-08 00:58:14,227 - INFO - Similarity score between chunk and sentence: 0.24468396604061127
2024-09-08 00:58:14,505 - INFO - Similarity score between chunk and sentence: 0.32489311695098877
2024-09-08 00:58:14,774 - INFO - Similarity score between chunk and sentence: 0.5243725180625916
2024-09-08 00:58:15,008 - INFO - Similarity score between chunk and sentence: 0.4984438717365265
2024-09-08 00:58:15,241 - INFO - Similarity score between chunk and sentence: 0.5036587715148926
2024-09-08 00:58:15,342 - INFO - Similarity score between chunk and sentence: 0.5619469881057739
2024-09-08 00:58:15,446 - INFO - Similarity score between chunk and sentence: 0.5391724705696106
2024-09-08 00:58:15,584 - INFO - Similarity score between chunk and sentence: 0.5193926095962524
2024-09-08 00:58:15,706 - INFO - Similarity score between chunk and sentence: 0.46416887640953064
2024-09-08 00:58:15,834 - INFO - Similarity score between chunk and sentence: 0.5658197999000549
2024-09-08 00:58:15,960 - INFO - Similarity score between chunk and sentence: 0.7455786466598511
2024-09-08 00:58:16,079 - INFO - Similarity score between chunk and sentence: 0.676763653755188
2024-09-08 00:58:16,420 - INFO - Similarity score between chunk and sentence: 0.22094663977622986
2024-09-08 00:58:16,731 - INFO - Similarity score between chunk and sentence: 0.5612571239471436
2024-09-08 00:58:17,107 - INFO - Similarity score between chunk and sentence: 0.47876983880996704
2024-09-08 00:58:17,789 - INFO - Similarity score between chunk and sentence: 0.6071204543113708
2024-09-08 00:58:17,940 - INFO - Similarity score between chunk and sentence: 0.5752983093261719
2024-09-08 00:58:17,941 - INFO - 239 chunks created.
2024-09-08 00:58:18,037 - INFO - Chunks saved as .txt file at output\Finance for Growth coursework.docx_chunked.txt
2024-09-08 00:58:18,039 - INFO - Chunks saved as .json file at output\Finance for Growth coursework.docx_chunked.json
2024-09-08 00:58:18,043 - INFO - Chunks saved as .csv file at output\Finance for Growth coursework.docx_chunked.csv
2024-09-08 00:58:18,043 - INFO - Chunking and saving completed for Finance for Growth coursework.docx.pdf
2024-09-08 00:58:18,043 - INFO - Processing Finance for Growth.pdf
2024-09-08 00:58:19,088 - INFO - Load pretrained SentenceTransformer: sentence-transformers/all-mpnet-base-v2
2024-09-08 00:58:19,245 - INFO - Use pytorch device: cpu
2024-09-08 00:58:19,256 - INFO - Document split into 225 sentences.
2024-09-08 00:58:20,483 - INFO - Similarity score between chunk and sentence: 0.5489802360534668
2024-09-08 00:58:20,630 - INFO - Similarity score between chunk and sentence: 0.40395456552505493
2024-09-08 00:58:20,850 - INFO - Similarity score between chunk and sentence: 0.44004112482070923
2024-09-08 00:58:21,070 - INFO - Similarity score between chunk and sentence: 0.5580713152885437
2024-09-08 00:58:21,237 - INFO - Similarity score between chunk and sentence: 0.49058622121810913
2024-09-08 00:58:21,344 - INFO - Similarity score between chunk and sentence: 0.7141836285591125
2024-09-08 00:58:21,454 - INFO - Similarity score between chunk and sentence: 0.4078587293624878
2024-09-08 00:58:21,575 - INFO - Similarity score between chunk and sentence: 0.3996603190898895
2024-09-08 00:58:21,704 - INFO - Similarity score between chunk and sentence: 0.14368487894535065
2024-09-08 00:58:21,887 - INFO - Similarity score between chunk and sentence: 0.5305423736572266
2024-09-08 00:58:22,097 - INFO - Similarity score between chunk and sentence: 0.5981369018554688
2024-09-08 00:58:22,441 - INFO - Similarity score between chunk and sentence: 0.36585733294487
2024-09-08 00:58:22,829 - INFO - Similarity score between chunk and sentence: 0.4571590721607208
2024-09-08 00:58:22,964 - INFO - Similarity score between chunk and sentence: 0.48853829503059387
2024-09-08 00:58:23,093 - INFO - Similarity score between chunk and sentence: 0.412678599357605
2024-09-08 00:58:23,243 - INFO - Similarity score between chunk and sentence: 0.41455310583114624
2024-09-08 00:58:23,394 - INFO - Similarity score between chunk and sentence: 0.5603467226028442
2024-09-08 00:58:23,532 - INFO - Similarity score between chunk and sentence: 0.689755916595459
2024-09-08 00:58:23,674 - INFO - Similarity score between chunk and sentence: 0.38157394528388977
2024-09-08 00:58:23,823 - INFO - Similarity score between chunk and sentence: 0.6315235495567322
2024-09-08 00:58:23,976 - INFO - Similarity score between chunk and sentence: 0.7343536615371704
2024-09-08 00:58:24,132 - INFO - Similarity score between chunk and sentence: 0.11777090281248093
2024-09-08 00:58:24,273 - INFO - Similarity score between chunk and sentence: 0.46317142248153687
2024-09-08 00:58:24,352 - INFO - Similarity score between chunk and sentence: 0.6015851497650146
2024-09-08 00:58:24,471 - INFO - Similarity score between chunk and sentence: 0.4983757734298706
2024-09-08 00:58:24,597 - INFO - Similarity score between chunk and sentence: 0.6544665694236755
2024-09-08 00:58:24,789 - INFO - Similarity score between chunk and sentence: 0.33714616298675537
2024-09-08 00:58:25,281 - INFO - Similarity score between chunk and sentence: 0.3203519284725189
2024-09-08 00:58:25,689 - INFO - Similarity score between chunk and sentence: 0.5698984861373901
2024-09-08 00:58:25,841 - INFO - Similarity score between chunk and sentence: 0.8577383756637573
2024-09-08 00:58:26,424 - INFO - Similarity score between chunk and sentence: 0.5887285470962524
2024-09-08 00:58:27,033 - INFO - Similarity score between chunk and sentence: 0.11436206102371216
2024-09-08 00:58:27,152 - INFO - Similarity score between chunk and sentence: 0.1342816948890686
2024-09-08 00:58:27,263 - INFO - Similarity score between chunk and sentence: 0.13717129826545715
2024-09-08 00:58:27,376 - INFO - Similarity score between chunk and sentence: 0.15648913383483887
2024-09-08 00:58:27,489 - INFO - Similarity score between chunk and sentence: 0.16595546901226044
2024-09-08 00:58:27,602 - INFO - Similarity score between chunk and sentence: 0.23891836404800415
2024-09-08 00:58:27,714 - INFO - Similarity score between chunk and sentence: 0.20404696464538574
2024-09-08 00:58:27,823 - INFO - Similarity score between chunk and sentence: 0.1601313352584839
2024-09-08 00:58:27,939 - INFO - Similarity score between chunk and sentence: 0.6264708042144775
2024-09-08 00:58:28,164 - INFO - Similarity score between chunk and sentence: 0.650693416595459
2024-09-08 00:58:28,413 - INFO - Similarity score between chunk and sentence: 0.6939506530761719
2024-09-08 00:58:28,631 - INFO - Similarity score between chunk and sentence: 0.7255282402038574
2024-09-08 00:58:29,446 - INFO - Similarity score between chunk and sentence: 0.6739771962165833
2024-09-08 00:58:30,322 - INFO - Similarity score between chunk and sentence: 0.5173750519752502
2024-09-08 00:58:30,573 - INFO - Similarity score between chunk and sentence: 0.4212622046470642
2024-09-08 00:58:30,665 - INFO - Similarity score between chunk and sentence: 0.3947301208972931
2024-09-08 00:58:30,770 - INFO - Similarity score between chunk and sentence: 0.3766094446182251
2024-09-08 00:58:30,888 - INFO - Similarity score between chunk and sentence: 0.18757477402687073
2024-09-08 00:58:30,999 - INFO - Similarity score between chunk and sentence: 0.4716777205467224
2024-09-08 00:58:31,090 - INFO - Similarity score between chunk and sentence: 0.46585601568222046
2024-09-08 00:58:31,187 - INFO - Similarity score between chunk and sentence: 0.49185773730278015
2024-09-08 00:58:31,466 - INFO - Similarity score between chunk and sentence: 0.35611170530319214
2024-09-08 00:58:31,737 - INFO - Similarity score between chunk and sentence: 0.29001277685165405
2024-09-08 00:58:31,857 - INFO - Similarity score between chunk and sentence: 0.17289508879184723
2024-09-08 00:58:31,962 - INFO - Similarity score between chunk and sentence: 0.1187913715839386
2024-09-08 00:58:32,074 - INFO - Similarity score between chunk and sentence: 0.1252017319202423
2024-09-08 00:58:32,189 - INFO - Similarity score between chunk and sentence: 0.09368959069252014
2024-09-08 00:58:32,299 - INFO - Similarity score between chunk and sentence: 0.10362427681684494
2024-09-08 00:58:32,416 - INFO - Similarity score between chunk and sentence: 0.08700209110975266
2024-09-08 00:58:32,539 - INFO - Similarity score between chunk and sentence: 0.48464491963386536
2024-09-08 00:58:32,851 - INFO - Similarity score between chunk and sentence: 0.5056825876235962
2024-09-08 00:58:34,020 - INFO - Similarity score between chunk and sentence: 0.6261188983917236
2024-09-08 00:58:35,137 - INFO - Similarity score between chunk and sentence: 0.3230312466621399
2024-09-08 00:58:35,270 - INFO - Similarity score between chunk and sentence: 0.3115311861038208
2024-09-08 00:58:35,417 - INFO - Similarity score between chunk and sentence: 0.4675443470478058
2024-09-08 00:58:35,575 - INFO - Similarity score between chunk and sentence: 0.42997437715530396
2024-09-08 00:58:35,735 - INFO - Similarity score between chunk and sentence: 0.24121859669685364
2024-09-08 00:58:35,917 - INFO - Similarity score between chunk and sentence: 0.48976564407348633
2024-09-08 00:58:36,100 - INFO - Similarity score between chunk and sentence: 0.5845638513565063
2024-09-08 00:58:36,291 - INFO - Similarity score between chunk and sentence: 0.4622911214828491
2024-09-08 00:58:36,412 - INFO - Similarity score between chunk and sentence: 0.3847278952598572
2024-09-08 00:58:36,578 - INFO - Similarity score between chunk and sentence: 0.4370400309562683
2024-09-08 00:58:36,745 - INFO - Similarity score between chunk and sentence: 0.0582975409924984
2024-09-08 00:58:36,861 - INFO - Similarity score between chunk and sentence: 0.2638750672340393
2024-09-08 00:58:36,975 - INFO - Similarity score between chunk and sentence: 0.10700403898954391
2024-09-08 00:58:37,087 - INFO - Similarity score between chunk and sentence: 0.09893328696489334
2024-09-08 00:58:37,195 - INFO - Similarity score between chunk and sentence: 0.08945733308792114
2024-09-08 00:58:37,304 - INFO - Similarity score between chunk and sentence: 0.11398599296808243
2024-09-08 00:58:37,406 - INFO - Similarity score between chunk and sentence: 0.10777182132005692
2024-09-08 00:58:37,510 - INFO - Similarity score between chunk and sentence: 0.13711634278297424
2024-09-08 00:58:38,414 - INFO - Similarity score between chunk and sentence: 0.49524763226509094
2024-09-08 00:58:39,315 - INFO - Similarity score between chunk and sentence: 0.4827914237976074
2024-09-08 00:58:39,507 - INFO - Similarity score between chunk and sentence: 0.613247275352478
2024-09-08 00:58:39,685 - INFO - Similarity score between chunk and sentence: 0.49122563004493713
2024-09-08 00:58:39,814 - INFO - Similarity score between chunk and sentence: 0.4717206656932831
2024-09-08 00:58:40,151 - INFO - Similarity score between chunk and sentence: 0.6842464208602905
2024-09-08 00:58:40,488 - INFO - Similarity score between chunk and sentence: 0.47694435715675354
2024-09-08 00:58:40,612 - INFO - Similarity score between chunk and sentence: 0.3352137506008148
2024-09-08 00:58:40,739 - INFO - Similarity score between chunk and sentence: 0.2913998067378998
2024-09-08 00:58:40,883 - INFO - Similarity score between chunk and sentence: 0.49663037061691284
2024-09-08 00:58:41,019 - INFO - Similarity score between chunk and sentence: 0.2971419095993042
2024-09-08 00:58:41,132 - INFO - Similarity score between chunk and sentence: 0.2862387001514435
2024-09-08 00:58:41,597 - INFO - Similarity score between chunk and sentence: 0.5308912992477417
2024-09-08 00:58:42,265 - INFO - Similarity score between chunk and sentence: 0.16989213228225708
2024-09-08 00:58:42,382 - INFO - Similarity score between chunk and sentence: 0.4067976772785187
2024-09-08 00:58:42,885 - INFO - Similarity score between chunk and sentence: 0.23487764596939087
2024-09-08 00:58:43,780 - INFO - Similarity score between chunk and sentence: 0.8482866287231445
2024-09-08 00:58:44,889 - INFO - Similarity score between chunk and sentence: 0.30031758546829224
2024-09-08 00:58:45,008 - INFO - Similarity score between chunk and sentence: 0.23351021111011505
2024-09-08 00:58:45,125 - INFO - Similarity score between chunk and sentence: 0.3193287253379822
2024-09-08 00:58:45,346 - INFO - Similarity score between chunk and sentence: 0.7130890488624573
2024-09-08 00:58:45,567 - INFO - Similarity score between chunk and sentence: -0.0018507782369852066
2024-09-08 00:58:45,718 - INFO - Similarity score between chunk and sentence: -0.08828549087047577
2024-09-08 00:58:45,836 - INFO - Similarity score between chunk and sentence: 0.5519274473190308
2024-09-08 00:58:45,958 - INFO - Similarity score between chunk and sentence: 0.4992111921310425
2024-09-08 00:58:46,143 - INFO - Similarity score between chunk and sentence: 0.4425783157348633
2024-09-08 00:58:46,325 - INFO - Similarity score between chunk and sentence: 0.678889274597168
2024-09-08 00:58:46,491 - INFO - Similarity score between chunk and sentence: 0.5416052341461182
2024-09-08 00:58:46,656 - INFO - Similarity score between chunk and sentence: 0.4744616448879242
2024-09-08 00:58:46,756 - INFO - Similarity score between chunk and sentence: 0.49864545464515686
2024-09-08 00:58:46,909 - INFO - Similarity score between chunk and sentence: 0.3011119067668915
2024-09-08 00:58:47,066 - INFO - Similarity score between chunk and sentence: 0.3227110803127289
2024-09-08 00:58:47,176 - INFO - Similarity score between chunk and sentence: 0.4447343349456787
2024-09-08 00:58:47,333 - INFO - Similarity score between chunk and sentence: 0.3107753396034241
2024-09-08 00:58:47,502 - INFO - Similarity score between chunk and sentence: 0.46364283561706543
2024-09-08 00:58:47,646 - INFO - Similarity score between chunk and sentence: 0.4953082203865051
2024-09-08 00:58:47,790 - INFO - Similarity score between chunk and sentence: 0.37155455350875854
2024-09-08 00:58:47,920 - INFO - Similarity score between chunk and sentence: 0.5115346908569336
2024-09-08 00:58:48,044 - INFO - Similarity score between chunk and sentence: 0.31516316533088684
2024-09-08 00:58:48,168 - INFO - Similarity score between chunk and sentence: 0.5957741141319275
2024-09-08 00:58:48,291 - INFO - Similarity score between chunk and sentence: 0.04998808354139328
2024-09-08 00:58:48,402 - INFO - Similarity score between chunk and sentence: 0.3399575352668762
2024-09-08 00:58:48,515 - INFO - Similarity score between chunk and sentence: 0.11971382051706314
2024-09-08 00:58:48,615 - INFO - Similarity score between chunk and sentence: 0.15287286043167114
2024-09-08 00:58:48,718 - INFO - Similarity score between chunk and sentence: 0.15827949345111847
2024-09-08 00:58:48,822 - INFO - Similarity score between chunk and sentence: 0.12439526617527008
2024-09-08 00:58:48,921 - INFO - Similarity score between chunk and sentence: 0.1418788731098175
2024-09-08 00:58:49,026 - INFO - Similarity score between chunk and sentence: 0.12906542420387268
2024-09-08 00:58:49,131 - INFO - Similarity score between chunk and sentence: 0.6254302859306335
2024-09-08 00:58:49,297 - INFO - Similarity score between chunk and sentence: 0.4166829586029053
2024-09-08 00:58:49,460 - INFO - Similarity score between chunk and sentence: 0.5153363347053528
2024-09-08 00:58:49,623 - INFO - Similarity score between chunk and sentence: 0.6606736779212952
2024-09-08 00:58:49,786 - INFO - Similarity score between chunk and sentence: 0.6862046122550964
2024-09-08 00:58:50,050 - INFO - Similarity score between chunk and sentence: 0.6650294661521912
2024-09-08 00:58:50,323 - INFO - Similarity score between chunk and sentence: 0.6038533449172974
2024-09-08 00:58:50,470 - INFO - Similarity score between chunk and sentence: 0.6883816719055176
2024-09-08 00:58:50,612 - INFO - Similarity score between chunk and sentence: 0.3574744462966919
2024-09-08 00:58:50,751 - INFO - Similarity score between chunk and sentence: 0.10315751284360886
2024-09-08 00:58:50,903 - INFO - Similarity score between chunk and sentence: 0.6548941731452942
2024-09-08 00:58:51,053 - INFO - Similarity score between chunk and sentence: 0.5685453414916992
2024-09-08 00:58:51,191 - INFO - Similarity score between chunk and sentence: 0.42278605699539185
2024-09-08 00:58:51,338 - INFO - Similarity score between chunk and sentence: 0.6574360132217407
2024-09-08 00:58:51,484 - INFO - Similarity score between chunk and sentence: 0.6228596568107605
2024-09-08 00:58:51,621 - INFO - Similarity score between chunk and sentence: 0.4166278839111328
2024-09-08 00:58:51,758 - INFO - Similarity score between chunk and sentence: 0.45992282032966614
2024-09-08 00:58:51,887 - INFO - Similarity score between chunk and sentence: 0.5085973739624023
2024-09-08 00:58:52,077 - INFO - Similarity score between chunk and sentence: 0.56522536277771
2024-09-08 00:58:52,269 - INFO - Similarity score between chunk and sentence: 0.5662517547607422
2024-09-08 00:58:52,401 - INFO - Similarity score between chunk and sentence: 0.29590779542922974
2024-09-08 00:58:52,507 - INFO - Similarity score between chunk and sentence: 0.35564205050468445
2024-09-08 00:58:52,659 - INFO - Similarity score between chunk and sentence: 0.29195040464401245
2024-09-08 00:58:52,821 - INFO - Similarity score between chunk and sentence: 0.3464181423187256
2024-09-08 00:58:52,975 - INFO - Similarity score between chunk and sentence: 0.49806827306747437
2024-09-08 00:58:53,160 - INFO - Similarity score between chunk and sentence: 0.390578031539917
2024-09-08 00:58:53,347 - INFO - Similarity score between chunk and sentence: 0.678508996963501
2024-09-08 00:58:53,504 - INFO - Similarity score between chunk and sentence: 0.3644735813140869
2024-09-08 00:58:53,682 - INFO - Similarity score between chunk and sentence: 0.3202398419380188
2024-09-08 00:58:53,854 - INFO - Similarity score between chunk and sentence: 0.20908419787883759
2024-09-08 00:58:53,967 - INFO - Similarity score between chunk and sentence: 0.30622249841690063
2024-09-08 00:58:54,119 - INFO - Similarity score between chunk and sentence: 0.34504783153533936
2024-09-08 00:58:54,272 - INFO - Similarity score between chunk and sentence: 0.18791890144348145
2024-09-08 00:58:54,379 - INFO - Similarity score between chunk and sentence: 0.4789949655532837
2024-09-08 00:58:54,489 - INFO - Similarity score between chunk and sentence: 0.3371012210845947
2024-09-08 00:58:54,893 - INFO - Similarity score between chunk and sentence: 0.40030819177627563
2024-09-08 00:58:55,296 - INFO - Similarity score between chunk and sentence: 0.5156768560409546
2024-09-08 00:58:55,492 - INFO - Similarity score between chunk and sentence: 0.42397892475128174
2024-09-08 00:58:55,729 - INFO - Similarity score between chunk and sentence: 0.32580041885375977
2024-09-08 00:58:56,196 - INFO - Similarity score between chunk and sentence: 0.6505169868469238
2024-09-08 00:58:56,660 - INFO - Similarity score between chunk and sentence: 0.5294966697692871
2024-09-08 00:58:56,843 - INFO - Similarity score between chunk and sentence: 0.41691458225250244
2024-09-08 00:58:56,942 - INFO - Similarity score between chunk and sentence: 0.12044087052345276
2024-09-08 00:58:57,033 - INFO - Similarity score between chunk and sentence: 0.13354584574699402
2024-09-08 00:58:57,128 - INFO - Similarity score between chunk and sentence: 0.1082095354795456
2024-09-08 00:58:57,244 - INFO - Similarity score between chunk and sentence: 0.15696296095848083
2024-09-08 00:58:57,360 - INFO - Similarity score between chunk and sentence: 0.17055028676986694
2024-09-08 00:58:57,463 - INFO - Similarity score between chunk and sentence: 0.09991514682769775
2024-09-08 00:58:57,648 - INFO - Similarity score between chunk and sentence: 0.46827706694602966
2024-09-08 00:58:57,842 - INFO - Similarity score between chunk and sentence: 0.5077660083770752
2024-09-08 00:58:58,064 - INFO - Similarity score between chunk and sentence: 0.6653163433074951
2024-09-08 00:58:58,506 - INFO - Similarity score between chunk and sentence: 0.46975675225257874
2024-09-08 00:58:58,983 - INFO - Similarity score between chunk and sentence: 0.6683820486068726
2024-09-08 00:58:59,939 - INFO - Similarity score between chunk and sentence: 0.6593281030654907
2024-09-08 00:59:00,332 - INFO - Similarity score between chunk and sentence: 0.3858305811882019
2024-09-08 00:59:00,522 - INFO - Similarity score between chunk and sentence: 0.5710597634315491
2024-09-08 00:59:00,702 - INFO - Similarity score between chunk and sentence: 0.19744612276554108
2024-09-08 00:59:00,806 - INFO - Similarity score between chunk and sentence: 0.08210106194019318
2024-09-08 00:59:00,947 - INFO - Similarity score between chunk and sentence: -0.0927390530705452
2024-09-08 00:59:01,082 - INFO - Similarity score between chunk and sentence: -0.06273271143436432
2024-09-08 00:59:01,184 - INFO - Similarity score between chunk and sentence: 0.03415384888648987
2024-09-08 00:59:02,017 - INFO - Similarity score between chunk and sentence: 0.37464386224746704
2024-09-08 00:59:02,877 - INFO - Similarity score between chunk and sentence: 0.48589789867401123
2024-09-08 00:59:02,995 - INFO - Similarity score between chunk and sentence: 0.11709161847829819
2024-09-08 00:59:03,117 - INFO - Similarity score between chunk and sentence: 0.1363985240459442
2024-09-08 00:59:03,238 - INFO - Similarity score between chunk and sentence: 0.12130174785852432
2024-09-08 00:59:03,355 - INFO - Similarity score between chunk and sentence: 0.12793408334255219
2024-09-08 00:59:03,470 - INFO - Similarity score between chunk and sentence: 0.12152883410453796
2024-09-08 00:59:03,592 - INFO - Similarity score between chunk and sentence: 0.15713217854499817
2024-09-08 00:59:03,820 - INFO - Similarity score between chunk and sentence: 0.5221141576766968
2024-09-08 00:59:04,066 - INFO - Similarity score between chunk and sentence: 0.5141396522521973
2024-09-08 00:59:04,286 - INFO - Similarity score between chunk and sentence: 0.42010027170181274
2024-09-08 00:59:04,501 - INFO - Similarity score between chunk and sentence: 0.48939114809036255
2024-09-08 00:59:04,621 - INFO - Similarity score between chunk and sentence: 0.5619469881057739
2024-09-08 00:59:04,730 - INFO - Similarity score between chunk and sentence: 0.5391724705696106
2024-09-08 00:59:04,857 - INFO - Similarity score between chunk and sentence: 0.5119417905807495
2024-09-08 00:59:04,973 - INFO - Similarity score between chunk and sentence: 0.45525050163269043
2024-09-08 00:59:05,104 - INFO - Similarity score between chunk and sentence: 0.5658197999000549
2024-09-08 00:59:05,231 - INFO - Similarity score between chunk and sentence: 0.7455786466598511
2024-09-08 00:59:05,344 - INFO - Similarity score between chunk and sentence: 0.676763653755188
2024-09-08 00:59:05,512 - INFO - Similarity score between chunk and sentence: 0.28549253940582275
2024-09-08 00:59:05,677 - INFO - Similarity score between chunk and sentence: 0.4472750127315521
2024-09-08 00:59:05,821 - INFO - Similarity score between chunk and sentence: 0.4499131441116333
2024-09-08 00:59:06,015 - INFO - Similarity score between chunk and sentence: 0.6658214926719666
2024-09-08 00:59:06,207 - INFO - Similarity score between chunk and sentence: 0.5357590913772583
2024-09-08 00:59:06,380 - INFO - Similarity score between chunk and sentence: 0.536625862121582
2024-09-08 00:59:06,561 - INFO - Similarity score between chunk and sentence: 0.3349982798099518
2024-09-08 00:59:06,697 - INFO - Similarity score between chunk and sentence: 0.5449798107147217
2024-09-08 00:59:06,833 - INFO - Similarity score between chunk and sentence: 0.45285922288894653
2024-09-08 00:59:07,029 - INFO - Similarity score between chunk and sentence: 0.5904022455215454
2024-09-08 00:59:07,219 - INFO - Similarity score between chunk and sentence: 0.46712905168533325
2024-09-08 00:59:07,428 - INFO - Similarity score between chunk and sentence: 0.4650585651397705
2024-09-08 00:59:08,580 - INFO - Similarity score between chunk and sentence: 0.43671339750289917
2024-09-08 00:59:09,733 - INFO - Similarity score between chunk and sentence: 0.1760122925043106
2024-09-08 00:59:09,872 - INFO - Similarity score between chunk and sentence: 0.2976493537425995
2024-09-08 00:59:09,872 - INFO - 223 chunks created.
2024-09-08 00:59:09,980 - INFO - Chunks saved as .txt file at output\Finance for Growth_chunked.txt
2024-09-08 00:59:09,982 - INFO - Chunks saved as .json file at output\Finance for Growth_chunked.json
2024-09-08 00:59:09,986 - INFO - Chunks saved as .csv file at output\Finance for Growth_chunked.csv
2024-09-08 00:59:09,986 - INFO - Chunking and saving completed for Finance for Growth.pdf
2024-09-08 00:59:09,986 - INFO - PDF chunking process completed.
